[{"model": "contenttypes.contenttype", "pk": 1, "fields": {"app_label": "admin", "model": "logentry"}}, {"model": "contenttypes.contenttype", "pk": 2, "fields": {"app_label": "auth", "model": "permission"}}, {"model": "contenttypes.contenttype", "pk": 3, "fields": {"app_label": "auth", "model": "group"}}, {"model": "contenttypes.contenttype", "pk": 4, "fields": {"app_label": "auth", "model": "user"}}, {"model": "contenttypes.contenttype", "pk": 5, "fields": {"app_label": "contenttypes", "model": "contenttype"}}, {"model": "contenttypes.contenttype", "pk": 6, "fields": {"app_label": "sessions", "model": "session"}}, {"model": "contenttypes.contenttype", "pk": 7, "fields": {"app_label": "dashboard", "model": "curso"}}, {"model": "contenttypes.contenttype", "pk": 8, "fields": {"app_label": "dashboard", "model": "cursosemestre"}}, {"model": "contenttypes.contenttype", "pk": 9, "fields": {"app_label": "dashboard", "model": "envio"}}, {"model": "contenttypes.contenttype", "pk": 10, "fields": {"app_label": "dashboard", "model": "problema"}}, {"model": "contenttypes.contenttype", "pk": 11, "fields": {"app_label": "dashboard", "model": "prueba"}}, {"model": "contenttypes.contenttype", "pk": 12, "fields": {"app_label": "dashboard", "model": "usuario"}}, {"model": "contenttypes.contenttype", "pk": 13, "fields": {"app_label": "dashboard", "model": "seccion"}}, {"model": "contenttypes.contenttype", "pk": 14, "fields": {"app_label": "dashboard", "model": "resultadoprueba"}}, {"model": "contenttypes.contenttype", "pk": 15, "fields": {"app_label": "dashboard", "model": "pregunta"}}, {"model": "contenttypes.contenttype", "pk": 16, "fields": {"app_label": "dashboard", "model": "comentarioproblema"}}, {"model": "contenttypes.contenttype", "pk": 17, "fields": {"app_label": "dashboard", "model": "comentariopregunta"}}, {"model": "contenttypes.contenttype", "pk": 18, "fields": {"app_label": "dashboard", "model": "blogpost"}}, {"model": "contenttypes.contenttype", "pk": 19, "fields": {"app_label": "dashboard", "model": "profesor"}}, {"model": "contenttypes.contenttype", "pk": 20, "fields": {"app_label": "dashboard", "model": "monitor"}}, {"model": "contenttypes.contenttype", "pk": 21, "fields": {"app_label": "dashboard", "model": "estudiante"}}, {"model": "contenttypes.contenttype", "pk": 22, "fields": {"app_label": "dashboard", "model": "resultadoestudiante"}}, {"model": "contenttypes.contenttype", "pk": 23, "fields": {"app_label": "dashboard", "model": "tag"}}, {"model": "contenttypes.contenttype", "pk": 24, "fields": {"app_label": "dashboard", "model": "argumento"}}, {"model": "contenttypes.contenttype", "pk": 25, "fields": {"app_label": "dashboard", "model": "resultadoproblema"}}, {"model": "contenttypes.contenttype", "pk": 26, "fields": {"app_label": "dashboard", "model": "notificacion"}}, {"model": "contenttypes.contenttype", "pk": 27, "fields": {"app_label": "dashboard", "model": "medalla"}}, {"model": "contenttypes.contenttype", "pk": 28, "fields": {"app_label": "dashboard", "model": "logro"}}, {"model": "contenttypes.contenttype", "pk": 29, "fields": {"app_label": "dashboard", "model": "pruebaio"}}, {"model": "contenttypes.contenttype", "pk": 30, "fields": {"app_label": "dashboard", "model": "pruebascript"}}, {"model": "contenttypes.contenttype", "pk": 31, "fields": {"app_label": "dashboard", "model": "worker"}}, {"model": "contenttypes.contenttype", "pk": 32, "fields": {"app_label": "dashboard", "model": "revision"}}, {"model": "contenttypes.contenttype", "pk": 33, "fields": {"app_label": "dashboard", "model": "resultadotarea"}}, {"model": "contenttypes.contenttype", "pk": 34, "fields": {"app_label": "dashboard", "model": "tarea"}}, {"model": "contenttypes.contenttype", "pk": 35, "fields": {"app_label": "dashboard", "model": "recurso"}}, {"model": "contenttypes.contenttype", "pk": 36, "fields": {"app_label": "dashboard", "model": "consultarecurso"}}, {"model": "contenttypes.contenttype", "pk": 37, "fields": {"app_label": "dashboard", "model": "registro"}}, {"model": "sessions.session", "pk": "5p16l0ovfc867v0s2qncjz9px695mngt", "fields": {"session_data": "ZWMwZjlkMGI2MDQxZjY0YTVlMzYxNjBhODdlNWI0ODRlMTUyNTFiNzp7Il9hdXRoX3VzZXJfaWQiOiIxIiwiX2F1dGhfdXNlcl9iYWNrZW5kIjoiZGphbmdvLmNvbnRyaWIuYXV0aC5iYWNrZW5kcy5Nb2RlbEJhY2tlbmQiLCJfYXV0aF91c2VyX2hhc2giOiJhNTUyZGQxN2Y4ZTFjMjE2MTFmNTMxNDA1M2U1MDk2OGIyMDdiZDJjIiwidXN1YXJpbyI6InByb2YxIiwidGlwb191c3VhcmlvIjoiUFIiLCJpZF91c3VhcmlvIjo4fQ==", "expire_date": "2019-07-01T19:51:28.024Z"}}, {"model": "sessions.session", "pk": "uopqi5vbe1rj1ekxp3ahnrmbss2z9txn", "fields": {"session_data": "ODc1NzQ2Zjg3YTYzODU2NDc5Y2JlZGZmODZhNWY2M2I4ZWE4MTNmODp7Il9hdXRoX3VzZXJfaWQiOiIxIiwiX2F1dGhfdXNlcl9iYWNrZW5kIjoiZGphbmdvLmNvbnRyaWIuYXV0aC5iYWNrZW5kcy5Nb2RlbEJhY2tlbmQiLCJfYXV0aF91c2VyX2hhc2giOiJhNTUyZGQxN2Y4ZTFjMjE2MTFmNTMxNDA1M2U1MDk2OGIyMDdiZDJjIiwidGlwb191c3VhcmlvIjoiZXN0dWRpYW50ZSIsInVzdWFyaW8iOiJ1c3VhcmlvLnVuaWFuZGVzIn0=", "expire_date": "2019-06-14T20:45:11.709Z"}}, {"model": "dashboard.usuario", "pk": 1, "fields": {"login": "wey", "password": "pbkdf2_sha256$150000$Weymar Contreras$lbAGs7tw8380m4P+hVTouDldJt9aa1/R5JwMd5sR+XY=", "nombre": "Weymar Contreras", "avatar": "avatars/wey.png", "tipo": "ES", "ultimo_acceso": "2019-06-17T17:05:23.536Z", "puntos": 26, "medallas": 3}}, {"model": "dashboard.usuario", "pk": 2, "fields": {"login": "autor", "password": "autor", "nombre": "Autor Problemas", "avatar": "avatars/autor.png", "tipo": "PR", "ultimo_acceso": "2019-06-07T16:33:39.587Z", "puntos": 0, "medallas": 0}}, {"model": "dashboard.usuario", "pk": 8, "fields": {"login": "prof1", "password": "pbkdf2_sha256$150000$Francis Goldman$sVC+f9Bw+aUKF4oS5vPkrEAN2PYGekcjGN+OQ1CUhKM=", "nombre": "Francis Goldman", "avatar": "avatars/prof1.png", "tipo": "PR", "ultimo_acceso": "2019-06-17T19:51:28.014Z", "puntos": 0, "medallas": 0}}, {"model": "dashboard.usuario", "pk": 9, "fields": {"login": "est1", "password": "pbkdf2_sha256$150000$Juan Segundo$F57bVcPsK5YAi1Ey//aqplQk7K8+bmfcaArJxwfYyak=", "nombre": "Juan Segundo", "avatar": "avatars/est1.png", "tipo": "ES", "ultimo_acceso": "2019-06-17T17:05:14.892Z", "puntos": 0, "medallas": 0}}, {"model": "dashboard.usuario", "pk": 10, "fields": {"login": "monitor1", "password": "pbkdf2_sha256$150000$Robert S. Towers$+Ox7J4/LcGNF5kG2zaSEb+yBC5J+a9q+Q8nuA8OR84g=", "nombre": "Roberta S. Towers", "avatar": "avatars/monitor1.png", "tipo": "MO", "ultimo_acceso": "2019-06-16T21:20:46.380Z", "puntos": 0, "medallas": 0}}, {"model": "dashboard.usuario", "pk": 11, "fields": {"login": "admin1", "password": "pbkdf2_sha256$150000$Xavier Yi$lcrDMIDV7pP/dwWvbaT3Q9PckN3nC7ZzB/62lNfCsGU=", "nombre": "Xavier Yi", "avatar": "", "tipo": "AD", "ultimo_acceso": "2019-06-16T21:20:58.016Z", "puntos": 0, "medallas": 0}}, {"model": "dashboard.estudiante", "pk": 1, "fields": {"seccion": 1, "pulso_actividad": "pulso/actividad_9ZBCuPO.png", "pulso_puntos": "pulso/puntos_cDDxU0P.png", "preguntas_sin_respuesta": false}}, {"model": "dashboard.estudiante", "pk": 9, "fields": {"seccion": 1, "pulso_actividad": "pulso/actividad.png", "pulso_puntos": "pulso/puntos.png", "preguntas_sin_respuesta": false}}, {"model": "dashboard.profesor", "pk": 8, "fields": {"secciones": [1, 2]}}, {"model": "dashboard.monitor", "pk": 10, "fields": {"secciones": []}}, {"model": "dashboard.registro", "pk": 1, "fields": {"usuario": 9, "ip": "127.0.0.1", "timestamp": "2019-06-15T14:30:38.698Z"}}, {"model": "dashboard.registro", "pk": 2, "fields": {"usuario": 8, "ip": "127.0.0.1", "timestamp": "2019-06-15T14:47:41.851Z"}}, {"model": "dashboard.registro", "pk": 3, "fields": {"usuario": 9, "ip": "127.0.0.1", "timestamp": "2019-06-15T14:48:18.291Z"}}, {"model": "dashboard.registro", "pk": 4, "fields": {"usuario": 8, "ip": "127.0.0.1", "timestamp": "2019-06-15T15:45:41.899Z"}}, {"model": "dashboard.registro", "pk": 5, "fields": {"usuario": 10, "ip": "127.0.0.1", "timestamp": "2019-06-15T15:46:37.375Z"}}, {"model": "dashboard.registro", "pk": 6, "fields": {"usuario": 1, "ip": "127.0.0.1", "timestamp": "2019-06-15T15:47:48.627Z"}}, {"model": "dashboard.registro", "pk": 7, "fields": {"usuario": 9, "ip": "127.0.0.1", "timestamp": "2019-06-15T15:49:34.335Z"}}, {"model": "dashboard.registro", "pk": 8, "fields": {"usuario": 9, "ip": "127.0.0.1", "timestamp": "2019-06-15T16:20:09.009Z"}}, {"model": "dashboard.registro", "pk": 9, "fields": {"usuario": 9, "ip": "127.0.0.1", "timestamp": "2019-06-15T16:43:24.666Z"}}, {"model": "dashboard.registro", "pk": 10, "fields": {"usuario": 1, "ip": "127.0.0.1", "timestamp": "2019-06-15T17:33:20.411Z"}}, {"model": "dashboard.registro", "pk": 11, "fields": {"usuario": 9, "ip": "127.0.0.1", "timestamp": "2019-06-15T17:42:38.382Z"}}, {"model": "dashboard.registro", "pk": 12, "fields": {"usuario": 9, "ip": "127.0.0.1", "timestamp": "2019-06-16T01:03:20.128Z"}}, {"model": "dashboard.registro", "pk": 13, "fields": {"usuario": 9, "ip": "127.0.0.1", "timestamp": "2019-06-16T01:03:33.351Z"}}, {"model": "dashboard.registro", "pk": 14, "fields": {"usuario": 9, "ip": "127.0.0.1", "timestamp": "2019-06-16T01:18:01.469Z"}}, {"model": "dashboard.registro", "pk": 15, "fields": {"usuario": 8, "ip": "127.0.0.1", "timestamp": "2019-06-16T03:52:07.914Z"}}, {"model": "dashboard.registro", "pk": 16, "fields": {"usuario": 1, "ip": "127.0.0.1", "timestamp": "2019-06-16T21:13:17.695Z"}}, {"model": "dashboard.registro", "pk": 17, "fields": {"usuario": 10, "ip": "127.0.0.1", "timestamp": "2019-06-16T21:20:46.389Z"}}, {"model": "dashboard.registro", "pk": 18, "fields": {"usuario": 11, "ip": "127.0.0.1", "timestamp": "2019-06-16T21:20:58.025Z"}}, {"model": "dashboard.registro", "pk": 19, "fields": {"usuario": 8, "ip": "127.0.0.1", "timestamp": "2019-06-16T21:21:08.642Z"}}, {"model": "dashboard.registro", "pk": 20, "fields": {"usuario": 9, "ip": "127.0.0.1", "timestamp": "2019-06-17T01:50:57.168Z"}}, {"model": "dashboard.registro", "pk": 21, "fields": {"usuario": 1, "ip": "127.0.0.1", "timestamp": "2019-06-17T01:51:54.385Z"}}, {"model": "dashboard.registro", "pk": 22, "fields": {"usuario": 8, "ip": "127.0.0.1", "timestamp": "2019-06-17T01:52:42.194Z"}}, {"model": "dashboard.registro", "pk": 23, "fields": {"usuario": 9, "ip": "127.0.0.1", "timestamp": "2019-06-17T02:03:54.852Z"}}, {"model": "dashboard.registro", "pk": 24, "fields": {"usuario": 1, "ip": "127.0.0.1", "timestamp": "2019-06-17T02:04:19.416Z"}}, {"model": "dashboard.registro", "pk": 25, "fields": {"usuario": 8, "ip": "127.0.0.1", "timestamp": "2019-06-17T02:05:44.518Z"}}, {"model": "dashboard.registro", "pk": 26, "fields": {"usuario": 1, "ip": "127.0.0.1", "timestamp": "2019-06-17T06:35:26.065Z"}}, {"model": "dashboard.registro", "pk": 27, "fields": {"usuario": 8, "ip": "127.0.0.1", "timestamp": "2019-06-17T06:36:10.948Z"}}, {"model": "dashboard.registro", "pk": 28, "fields": {"usuario": 1, "ip": "127.0.0.1", "timestamp": "2019-06-17T07:10:21.133Z"}}, {"model": "dashboard.registro", "pk": 29, "fields": {"usuario": 9, "ip": "127.0.0.1", "timestamp": "2019-06-17T07:31:11.136Z"}}, {"model": "dashboard.registro", "pk": 30, "fields": {"usuario": 1, "ip": "127.0.0.1", "timestamp": "2019-06-17T16:33:17.563Z"}}, {"model": "dashboard.registro", "pk": 31, "fields": {"usuario": 8, "ip": "127.0.0.1", "timestamp": "2019-06-17T16:42:23.758Z"}}, {"model": "dashboard.registro", "pk": 32, "fields": {"usuario": 9, "ip": "127.0.0.1", "timestamp": "2019-06-17T17:05:14.901Z"}}, {"model": "dashboard.registro", "pk": 33, "fields": {"usuario": 1, "ip": "127.0.0.1", "timestamp": "2019-06-17T17:05:23.544Z"}}, {"model": "dashboard.registro", "pk": 34, "fields": {"usuario": 8, "ip": "127.0.0.1", "timestamp": "2019-06-17T19:51:28.022Z"}}, {"model": "dashboard.curso", "pk": 1, "fields": {"nombre_curso": "Introducci\u00f3n a la Programaci\u00f3n", "codigo_curso": "DEPT-1234"}}, {"model": "dashboard.seccion", "pk": 1, "fields": {"numero": 1, "nombre_semestre": "201920", "curso_seccion": 1}}, {"model": "dashboard.seccion", "pk": 2, "fields": {"numero": 2, "nombre_semestre": "201920", "curso_seccion": 1}}, {"model": "dashboard.pregunta", "pk": 1, "fields": {"titulo": "Resumen pregunta", "contenido": "Primera pregunta sobre el problema 1", "problema": 1, "resuelta": false, "autor": 1, "tipo": "Aclaracion", "timestamp": "2019-05-31T19:31:33.688Z"}}, {"model": "dashboard.pregunta", "pk": 2, "fields": {"titulo": "Resumen pregunta", "contenido": "Segunda pregunta sobre el problema 1", "problema": 1, "resuelta": true, "autor": 1, "tipo": "Aclaracion", "timestamp": "2019-05-31T19:31:33.688Z"}}, {"model": "dashboard.pregunta", "pk": 3, "fields": {"titulo": "Resumen pregunta", "contenido": "Aas", "problema": null, "resuelta": false, "autor": null, "tipo": "Aclaracion", "timestamp": "2019-05-31T19:31:33.688Z"}}, {"model": "dashboard.pregunta", "pk": 4, "fields": {"titulo": "Resumen pregunta", "contenido": "Pregunta creada con la forma ....", "problema": null, "resuelta": false, "autor": null, "tipo": "Aclaracion", "timestamp": "2019-05-31T19:31:33.688Z"}}, {"model": "dashboard.pregunta", "pk": 5, "fields": {"titulo": "Resumen pregunta", "contenido": "Siguiente pregunta desde forma!", "problema": 1, "resuelta": false, "autor": null, "tipo": "Aclaracion", "timestamp": "2019-05-31T19:31:33.688Z"}}, {"model": "dashboard.pregunta", "pk": 6, "fields": {"titulo": "Resumen pregunta", "contenido": "123", "problema": 1, "resuelta": false, "autor": null, "tipo": "Aclaracion", "timestamp": "2019-05-31T19:31:33.688Z"}}, {"model": "dashboard.pregunta", "pk": 7, "fields": {"titulo": "Resumen pregunta", "contenido": "D", "problema": 1, "resuelta": false, "autor": null, "tipo": "Aclaracion", "timestamp": "2019-05-31T19:31:33.688Z"}}, {"model": "dashboard.pregunta", "pk": 8, "fields": {"titulo": "Resumen pregunta", "contenido": "D", "problema": 1, "resuelta": false, "autor": null, "tipo": "Aclaracion", "timestamp": "2019-05-31T19:31:33.688Z"}}, {"model": "dashboard.pregunta", "pk": 10, "fields": {"titulo": "Resumen pregunta", "contenido": "Dsd", "problema": 1, "resuelta": false, "autor": null, "tipo": "Aclaracion", "timestamp": "2019-05-31T19:31:33.688Z"}}, {"model": "dashboard.pregunta", "pk": 11, "fields": {"titulo": "Otra pregunta fundamental!", "contenido": "Contenido de la pregunta fundamental sobre el problema", "problema": 2, "resuelta": false, "autor": 1, "tipo": "Aclaracion", "timestamp": "2019-05-31T19:31:33.688Z"}}, {"model": "dashboard.pregunta", "pk": 20, "fields": {"titulo": "Una pregunta muy importante sobre el problema", "contenido": "... sed ut perspiciatis unde omnis iste natus error sit voluptatem accusantium doloremque laudantium, totam rem aperiam, eaque ipsa quae ab illo inventore veritatis et quasi architecto beatae vitae dicta sunt explicabo. nemo enim ipsam voluptatem quia voluptas sit aspernatur aut odit aut fugit, sed quia consequuntur magni dolores eos qui ratione voluptatem sequi nesciunt. neque porro quisquam est, qui dolorem ipsum quia dolor sit amet, consectetur, adipisci velit, sed quia non numquam eius modi tempora incidunt ut labore et dolore magnam aliquam quaerat voluptatem. ut enim ad minima veniam, quis nostrum exercitationem ullam corporis suscipit laboriosam, nisi ut aliquid ex ea commodi consequatur?", "problema": 2, "resuelta": false, "autor": 1, "tipo": "Aclaracion", "timestamp": "2019-05-31T19:51:04.704Z"}}, {"model": "dashboard.pregunta", "pk": 21, "fields": {"titulo": "Nueva pregunta ...", "contenido": "Contenido de la nueva pregunta", "problema": 2, "resuelta": false, "autor": 1, "tipo": "error", "timestamp": "2019-06-02T04:26:21.287Z"}}, {"model": "dashboard.pregunta", "pk": 22, "fields": {"titulo": "Ejemplo de pregunta con tiempo", "contenido": "Contenido de la pregunta", "problema": 1, "resuelta": false, "autor": 1, "tipo": "Ayuda", "timestamp": "2019-06-03T15:40:50.667Z"}}, {"model": "dashboard.pregunta", "pk": 23, "fields": {"titulo": "Erwsdasfdasd", "contenido": "Asdasdasd", "problema": 1, "resuelta": false, "autor": 1, "tipo": "Error", "timestamp": "2019-06-07T02:46:03.637Z"}}, {"model": "dashboard.pregunta", "pk": 24, "fields": {"titulo": "Pregunta completa", "contenido": "Contenido de la pregunta completa", "problema": 2, "resuelta": false, "autor": 1, "tipo": "Bug", "timestamp": "2019-06-07T03:13:37.328Z"}}, {"model": "dashboard.pregunta", "pk": 25, "fields": {"titulo": "Tama\u00f1o de la lista", "contenido": "\u00bfla lista puede estar vac\u00eda?", "problema": 3, "resuelta": false, "autor": 1, "tipo": "Aclaracion", "timestamp": "2019-06-07T18:08:22.824Z"}}, {"model": "dashboard.pregunta", "pk": 26, "fields": {"titulo": "<h1 style=\"color: #ff0000\">titulooooo</h1>", "contenido": "Un poco de caos!", "problema": 3, "resuelta": false, "autor": 1, "tipo": "Aclaracion", "timestamp": "2019-06-09T21:38:41.448Z"}}, {"model": "dashboard.pregunta", "pk": 27, "fields": {"titulo": "Nueva pregunta sobre el problema: tipos?", "contenido": "Cuales son los tipos posibles?", "problema": 3, "resuelta": false, "autor": 1, "tipo": "Error", "timestamp": "2019-06-10T20:19:23.163Z"}}, {"model": "dashboard.pregunta", "pk": 28, "fields": {"titulo": "Mi primera pregunta ....", "contenido": "Esta es mi primera pregunta!", "problema": 1, "resuelta": false, "autor": null, "tipo": "Ayuda", "timestamp": "2019-06-15T00:17:48.299Z"}}, {"model": "dashboard.pregunta", "pk": 29, "fields": {"titulo": "Mi primera pregunta ....", "contenido": "Mi contenido", "problema": 1, "resuelta": false, "autor": 9, "tipo": "Aclaracion", "timestamp": "2019-06-15T00:57:41.911Z"}}, {"model": "dashboard.pregunta", "pk": 30, "fields": {"titulo": "La primera de roberta ...", "contenido": "Primera pregunta ...", "problema": 1, "resuelta": false, "autor": 10, "tipo": "Aclaracion", "timestamp": "2019-06-15T01:28:45.689Z"}}, {"model": "dashboard.comentariopregunta", "pk": 1, "fields": {"titulo": "Resumen de la respuesta a la pregunta 1", "contenido": "Primer comentario", "pregunta": 1, "autor": 1, "timestamp": "2019-05-31T19:31:33.637Z"}}, {"model": "dashboard.comentariopregunta", "pk": 2, "fields": {"titulo": "Resumen pregunta", "contenido": "Segundo comentario", "pregunta": 1, "autor": 1, "timestamp": "2019-05-31T19:31:33.637Z"}}, {"model": "dashboard.comentariopregunta", "pk": 3, "fields": {"titulo": "Resumen pregunta", "contenido": "Tercer comentario brillante", "pregunta": 2, "autor": 1, "timestamp": "2019-05-31T19:31:33.637Z"}}, {"model": "dashboard.comentariopregunta", "pk": 4, "fields": {"titulo": "Respuesta a preguntaaaaa", "contenido": "Aaaaa", "pregunta": 20, "autor": null, "timestamp": "2019-05-31T20:00:44.620Z"}}, {"model": "dashboard.comentariopregunta", "pk": 5, "fields": {"titulo": "Respuesta a preguntassss", "contenido": "Asdasdasd", "pregunta": 20, "autor": null, "timestamp": "2019-05-31T20:00:58.876Z"}}, {"model": "dashboard.comentariopregunta", "pk": 6, "fields": {"titulo": "Tercera respuesta", "contenido": "Este es el contenido de la tercera respuesta", "pregunta": 20, "autor": 1, "timestamp": "2019-06-02T02:17:54.860Z"}}, {"model": "dashboard.comentariopregunta", "pk": 7, "fields": {"titulo": "Sexta pregunta", "contenido": "Contenido de prueba ....", "pregunta": 20, "autor": 1, "timestamp": "2019-06-02T04:00:12.425Z"}}, {"model": "dashboard.comentariopregunta", "pk": 8, "fields": {"titulo": "Una nueva respuesta a la pregunta ...", "contenido": "Contenido de la ultima prueba", "pregunta": 20, "autor": 1, "timestamp": "2019-06-02T04:10:43.882Z"}}, {"model": "dashboard.comentariopregunta", "pk": 9, "fields": {"titulo": "Las respuestas funcionan ...", "contenido": "Contenido", "pregunta": 20, "autor": 1, "timestamp": "2019-06-02T04:11:57.781Z"}}, {"model": "dashboard.comentariopregunta", "pk": 10, "fields": {"titulo": "Respuesta a pregunta", "contenido": "<i>prueba</i> .... <h1>mario</h1>", "pregunta": 21, "autor": 1, "timestamp": "2019-06-03T23:59:33.860Z"}}, {"model": "dashboard.comentariopregunta", "pk": 11, "fields": {"titulo": "Respuesta a pregunta", "contenido": "'; drop table dashboard_preguntas;", "pregunta": 21, "autor": 1, "timestamp": "2019-06-03T23:59:58.917Z"}}, {"model": "dashboard.comentariopregunta", "pk": 12, "fields": {"titulo": "Respuesta a pregunta", "contenido": "Ssss", "pregunta": 22, "autor": 1, "timestamp": "2019-06-07T02:45:45.278Z"}}, {"model": "dashboard.comentariopregunta", "pk": 13, "fields": {"titulo": "Respuesta a pregunta", "contenido": "Ddd", "pregunta": 22, "autor": 1, "timestamp": "2019-06-07T02:45:54.528Z"}}, {"model": "dashboard.comentariopregunta", "pk": 14, "fields": {"titulo": "Respuesta a la pregunta completa", "contenido": "Una respuesta a la pregunta completa ....", "pregunta": 24, "autor": 1, "timestamp": "2019-06-07T03:15:58.005Z"}}, {"model": "dashboard.comentariopregunta", "pk": 15, "fields": {"titulo": "Otra respuesta a la pregunta completa", "contenido": "Contenido de la respuesta ....", "pregunta": 24, "autor": 1, "timestamp": "2019-06-07T03:17:05.268Z"}}, {"model": "dashboard.comentariopregunta", "pk": 16, "fields": {"titulo": "No hay restricciones", "contenido": "En el enunciado del problema no hay restricciones sobre el tama\u00f1o de la lista. esto significa que la lista podr\u00eda estar vac\u00eda, tener 1 elemento o tener muchos elementos.", "pregunta": 25, "autor": 2, "timestamp": "2019-06-07T18:14:23.611Z"}}, {"model": "dashboard.comentariopregunta", "pk": 17, "fields": {"titulo": "Respuesta a una pregunta ....", "contenido": "Contenido de la respuesta .... editada", "pregunta": 1, "autor": 1, "timestamp": "2019-06-09T16:20:10.033Z"}}, {"model": "dashboard.comentariopregunta", "pk": 18, "fields": {"titulo": "Resumen pregunta", "contenido": "sssd", "pregunta": 1, "autor": 1, "timestamp": "2019-06-09T16:25:15.069Z"}}, {"model": "dashboard.comentariopregunta", "pk": 19, "fields": {"titulo": "Resumen preguntasss dddfdf", "contenido": "sssssddd asdasd", "pregunta": 1, "autor": 1, "timestamp": "2019-06-09T16:25:52.815Z"}}, {"model": "dashboard.comentariopregunta", "pk": 20, "fields": {"titulo": "Resumen pregunta dasda", "contenido": "nueva dsddsd", "pregunta": 1, "autor": 1, "timestamp": "2019-06-09T16:27:41.704Z"}}, {"model": "dashboard.comentariopregunta", "pk": 21, "fields": {"titulo": "nueva repuesta", "contenido": "asdasdasd edite el contenido", "pregunta": 2, "autor": 1, "timestamp": "2019-06-09T16:30:38.215Z"}}, {"model": "dashboard.comentariopregunta", "pk": 22, "fields": {"titulo": "Una nueva respuesta a la pregunta ...", "contenido": "Contenido", "pregunta": 23, "autor": 1, "timestamp": "2019-06-09T16:32:31.217Z"}}, {"model": "dashboard.comentariopregunta", "pk": 23, "fields": {"titulo": "Cualquiera!", "contenido": "No hay restricci\u00f3n sobre los tipos...", "pregunta": 27, "autor": 1, "timestamp": "2019-06-10T20:19:41.205Z"}}, {"model": "dashboard.comentariopregunta", "pk": 24, "fields": {"titulo": "Mentiras!!!", "contenido": "Tienen que ser enteros!", "pregunta": 27, "autor": 1, "timestamp": "2019-06-10T20:20:13.907Z"}}, {"model": "dashboard.comentariopregunta", "pk": 25, "fields": {"titulo": "Respuesta de monitor1", "contenido": "Ac\u00e1 va mi respuesta ....", "pregunta": 23, "autor": null, "timestamp": "2019-06-15T00:16:51.937Z"}}, {"model": "dashboard.comentariopregunta", "pk": 26, "fields": {"titulo": "Me respondo ...", "contenido": "Me respondo ...", "pregunta": 29, "autor": 9, "timestamp": "2019-06-15T00:57:52.824Z"}}, {"model": "dashboard.comentariopregunta", "pk": 27, "fields": {"titulo": "Respuesta del super profesor....", "contenido": "Contenido de la super respuesta", "pregunta": 29, "autor": 8, "timestamp": "2019-06-15T01:17:14.208Z"}}, {"model": "dashboard.comentariopregunta", "pk": 28, "fields": {"titulo": "Respuesta adicional ...", "contenido": "Respuesta adicional ...", "pregunta": 29, "autor": 8, "timestamp": "2019-06-15T01:21:43.584Z"}}, {"model": "dashboard.comentariopregunta", "pk": 29, "fields": {"titulo": "Respuesta adicional ...", "contenido": "Respuesta adicional ...", "pregunta": 29, "autor": 8, "timestamp": "2019-06-15T01:22:41.829Z"}}, {"model": "dashboard.comentariopregunta", "pk": 30, "fields": {"titulo": "Respuesta adicional ...", "contenido": "Respuesta adicional ...", "pregunta": 29, "autor": 8, "timestamp": "2019-06-15T01:23:10.548Z"}}, {"model": "dashboard.comentariopregunta", "pk": 31, "fields": {"titulo": "Respondi\u00e9ndole a la monitora....", "contenido": "Respondi\u00e9ndole a la monitora....", "pregunta": 30, "autor": 8, "timestamp": "2019-06-15T01:30:17.974Z"}}, {"model": "dashboard.comentariopregunta", "pk": 32, "fields": {"titulo": "Respuesta a pregunta", "contenido": "Dddd", "pregunta": 29, "autor": 9, "timestamp": "2019-06-15T15:14:24.031Z"}}, {"model": "dashboard.comentariopregunta", "pk": 33, "fields": {"titulo": "Respuesta a preguntaddd", "contenido": "Asdasdads", "pregunta": 29, "autor": 9, "timestamp": "2019-06-15T15:16:46.421Z"}}, {"model": "dashboard.comentariopregunta", "pk": 34, "fields": {"titulo": "Respuesta a preguntaddd", "contenido": "Asdasdads", "pregunta": 29, "autor": 9, "timestamp": "2019-06-15T15:18:20.123Z"}}, {"model": "dashboard.comentariopregunta", "pk": 35, "fields": {"titulo": "Respuesta a preguntaddd", "contenido": "Asdasdads", "pregunta": 29, "autor": 9, "timestamp": "2019-06-15T15:18:39.589Z"}}, {"model": "dashboard.comentariopregunta", "pk": 36, "fields": {"titulo": "Respuesta a preguntaddd", "contenido": "Asdasdads", "pregunta": 29, "autor": 9, "timestamp": "2019-06-15T15:19:46.952Z"}}, {"model": "dashboard.comentariopregunta", "pk": 37, "fields": {"titulo": "Respuesta a preguntaddd", "contenido": "Asdasdads", "pregunta": 29, "autor": 9, "timestamp": "2019-06-15T15:20:05.956Z"}}, {"model": "dashboard.comentariopregunta", "pk": 38, "fields": {"titulo": "Respuesta a preguntaddd", "contenido": "Asdasdads", "pregunta": 29, "autor": 9, "timestamp": "2019-06-15T15:20:45.474Z"}}, {"model": "dashboard.comentariopregunta", "pk": 39, "fields": {"titulo": "Respuesta a pregunta", "contenido": "Me respondo a m\u00ed mismo para poder tener notificaciones ...", "pregunta": 29, "autor": 9, "timestamp": "2019-06-15T16:19:53.618Z"}}, {"model": "dashboard.resultadoestudiante", "pk": 1, "fields": {"resuelto": true, "problema": 1, "estudiante": 1, "primer_intento": "2019-06-02T21:29:11.511Z", "ultimo_intento": "2019-06-02T21:29:04Z", "ultimo_envio": 3, "puntos": 26}}, {"model": "dashboard.resultadoestudiante", "pk": 3, "fields": {"resuelto": false, "problema": 3, "estudiante": 1, "primer_intento": "2019-06-07T16:51:30.694Z", "ultimo_intento": "2019-06-07T16:51:28Z", "ultimo_envio": 14, "puntos": 0}}, {"model": "dashboard.resultadoestudiante", "pk": 4, "fields": {"resuelto": false, "problema": 2, "estudiante": 1, "primer_intento": "2019-06-12T23:31:12.158Z", "ultimo_intento": null, "ultimo_envio": null, "puntos": 0}}, {"model": "dashboard.resultadoestudiante", "pk": 5, "fields": {"resuelto": true, "problema": 1, "estudiante": 9, "primer_intento": "2019-06-15T00:58:39.325Z", "ultimo_intento": "2019-06-15T01:36:33Z", "ultimo_envio": 9, "puntos": 0}}, {"model": "dashboard.resultadoestudiante", "pk": 6, "fields": {"resuelto": false, "problema": 2, "estudiante": 9, "primer_intento": "2019-06-15T01:32:50.964Z", "ultimo_intento": null, "ultimo_envio": 11, "puntos": 0}}, {"model": "dashboard.resultadoestudiante", "pk": 8, "fields": {"resuelto": false, "problema": 3, "estudiante": 9, "primer_intento": "2019-06-17T06:59:38.846Z", "ultimo_intento": null, "ultimo_envio": null, "puntos": 0}}, {"model": "dashboard.envio", "pk": 1, "fields": {"numero": 1, "contenido": "", "slug": "e1", "timestamp": "2019-06-02T21:06:48.720Z", "avance": 0.0, "estudiante": 1, "problema": 1, "resultado_estudiante": 1, "estado": "ER", "revision_worker": null}}, {"model": "dashboard.envio", "pk": 2, "fields": {"numero": 2, "contenido": "", "slug": "e2", "timestamp": "2019-06-02T21:08:21.550Z", "avance": 20.0, "estudiante": 1, "problema": 1, "resultado_estudiante": 1, "estado": "ER", "revision_worker": null}}, {"model": "dashboard.envio", "pk": 3, "fields": {"numero": 3, "contenido": "", "slug": "e3", "timestamp": "2019-06-02T21:08:34.610Z", "avance": 100.0, "estudiante": 1, "problema": 1, "resultado_estudiante": 1, "estado": "OK", "revision_worker": null}}, {"model": "dashboard.envio", "pk": 4, "fields": {"numero": 1, "contenido": "def contar_apariciones(lista_elementos:list, elemento_buscado:int)->int:\r\n    \"\"\" Contar apariciones en lista\r\n    Argumentos:\r\n      lista_elementos (list): Lista de elementos en la que se quiere hacer una b\u00fasqueda\r\n      elemento_buscado (int): Elemento que se quiere buscar en la lista\r\n    Retorno:\r\n      int: La cantidad de veces que aparece el valor buscado en la lista.\r\n    \"\"\"\r\n    if (elemento_buscado in lista_elementos) or len(lista_elementos)<1:\r\n        return 1\r\n    else:\r\n        return 0", "slug": "e4", "timestamp": "2019-06-07T16:51:34.081Z", "avance": 50.0, "estudiante": 1, "problema": 3, "resultado_estudiante": 3, "estado": "ER", "revision_worker": null}}, {"model": "dashboard.envio", "pk": 9, "fields": {"numero": 1, "contenido": "def primero()->str:\r\n    \"\"\" Primer problema\r\n    Argumentos:\r\n    Retorno:\r\n      str: \r\n    \"\"\"\r\n    return \"Hello, World!\"", "slug": "primerprob1", "timestamp": "2019-06-15T00:58:39.329Z", "avance": 100.0, "estudiante": 9, "problema": 1, "resultado_estudiante": 5, "estado": "OK", "revision_worker": null}}, {"model": "dashboard.envio", "pk": 10, "fields": {"numero": 1, "contenido": "def segunda_funcion(input1:str, input2:str, input3:int)->str:\r\n    \"\"\" Segundo problema\r\n    Argumentos:\r\n      input1 (str): Cadena de caracteres para el primer input\r\n      input2 (str): Caracter\u00edsticas del segundo input\r\n      input3 (int): Tercer input: este es un entero\r\n    Retorno:\r\n      str: El resultado de aplicar la funci\u00f3n, convertido a una cadena de caracteres\r\n    \"\"\"\r\n    return 1+1", "slug": "segundoprob1wwe", "timestamp": "2019-06-15T16:37:36.494Z", "avance": 0.0, "estudiante": 9, "problema": 2, "resultado_estudiante": 6, "estado": "NU", "revision_worker": null}}, {"model": "dashboard.envio", "pk": 11, "fields": {"numero": 1, "contenido": "def segunda_funcion(input1:str, input2:str, input3:int)->str:\r\n    \"\"\" Segundo problema\r\n    Argumentos:\r\n      input1 (str): Cadena de caracteres para el primer input\r\n      input2 (str): Caracter\u00edsticas del segundo input\r\n      input3 (int): Tercer input: este es un entero\r\n    Retorno:\r\n      str: El resultado de aplicar la funci\u00f3n, convertido a una cadena de caracteres\r\n    \"\"\"\r\n    return 1+1", "slug": "segundoprob1sss", "timestamp": "2019-06-15T16:37:59.296Z", "avance": 0.0, "estudiante": 9, "problema": 2, "resultado_estudiante": 6, "estado": "NU", "revision_worker": null}}, {"model": "dashboard.envio", "pk": 13, "fields": {"numero": 2, "contenido": "def contar_apariciones(elemento_buscado:int, lista_elementos:list)->int:\r\n    \"\"\" Contar apariciones en lista\r\n    Argumentos:\r\n      elemento_buscado (int): Elemento que se quiere buscar en la lista\r\n      lista_elementos (list): Lista de elementos en la que se quiere hacer una b\u00fasqueda\r\n    Retorno:\r\n      int: La cantidad de veces que aparece el valor buscado en la lista.\r\n    \"\"\"\r\n    return elemento_buscado.index(1)", "slug": "contaraps2", "timestamp": "2019-06-17T16:36:04.104Z", "avance": 0.0, "estudiante": 1, "problema": 3, "resultado_estudiante": 3, "estado": "NU", "revision_worker": null}}, {"model": "dashboard.envio", "pk": 14, "fields": {"numero": 3, "contenido": "def contar_apariciones(elemento_buscado:int, lista_elementos:list)->int:\r\n    \"\"\" Contar apariciones en lista\r\n    Argumentos:\r\n      elemento_buscado (int): Elemento que se quiere buscar en la lista\r\n      lista_elementos (list): Lista de elementos en la que se quiere hacer una b\u00fasqueda\r\n    Retorno:\r\n      int: La cantidad de veces que aparece el valor buscado en la lista.\r\n    \"\"\"\r\n    pass", "slug": "contaraps3", "timestamp": "2019-06-17T19:50:40.265Z", "avance": 0.0, "estudiante": 1, "problema": 3, "resultado_estudiante": 3, "estado": "NU", "revision_worker": null}}, {"model": "dashboard.resultadoprueba", "pk": 1, "fields": {"numero": 1, "resultado_exitoso": true, "envio": 4, "prueba": 2}}, {"model": "dashboard.resultadoprueba", "pk": 2, "fields": {"numero": 1, "resultado_exitoso": true, "envio": 4, "prueba": 3}}, {"model": "dashboard.resultadoprueba", "pk": 3, "fields": {"numero": 1, "resultado_exitoso": false, "envio": 4, "prueba": 4}}, {"model": "dashboard.resultadoprueba", "pk": 4, "fields": {"numero": 1, "resultado_exitoso": false, "envio": 4, "prueba": 5}}, {"model": "dashboard.notificacion", "pk": 1, "fields": {"usuario": 1, "tipo": "RE", "contenido": "La pregunta en el problema \"Contar apariciones en lista\" fue respondida", "leida": true, "timestamp": "2019-06-08T02:07:53.855Z", "link": null}}, {"model": "dashboard.notificacion", "pk": 2, "fields": {"usuario": 1, "tipo": "WD", "contenido": "Hey!", "leida": true, "timestamp": "2019-06-09T21:03:32.161Z", "link": null}}, {"model": "dashboard.notificacion", "pk": 3, "fields": {"usuario": 1, "tipo": "EE", "contenido": "Se recibi\u00f3 el env\u00edo 5", "leida": true, "timestamp": "2019-06-13T21:54:34.314Z", "link": null}}, {"model": "dashboard.notificacion", "pk": 4, "fields": {"usuario": 1, "tipo": "EE", "contenido": "Se recibi\u00f3 el env\u00edo 3", "leida": true, "timestamp": "2019-06-14T15:50:33.188Z", "link": null}}, {"model": "dashboard.notificacion", "pk": 5, "fields": {"usuario": 1, "tipo": "EE", "contenido": "Se recibi\u00f3 el env\u00edo 3", "leida": true, "timestamp": "2019-06-14T15:50:53.662Z", "link": null}}, {"model": "dashboard.notificacion", "pk": 6, "fields": {"usuario": 9, "tipo": "EE", "contenido": "Se recibi\u00f3 el env\u00edo 1", "leida": true, "timestamp": "2019-06-15T00:58:39.332Z", "link": null}}, {"model": "dashboard.notificacion", "pk": 7, "fields": {"usuario": 9, "tipo": "RE", "contenido": "Se recibi\u00f3 una respuesta para la pregunta 'Mi primera pregunta ....'", "leida": true, "timestamp": "2019-06-15T01:23:10.551Z", "link": null}}, {"model": "dashboard.notificacion", "pk": 8, "fields": {"usuario": 10, "tipo": "RE", "contenido": "Se recibi\u00f3 una respuesta para la pregunta 'La primera de roberta ...'", "leida": false, "timestamp": "2019-06-15T01:30:17.978Z", "link": null}}, {"model": "dashboard.notificacion", "pk": 9, "fields": {"usuario": 9, "tipo": "EE", "contenido": "Se recibi\u00f3 el env\u00edo 1", "leida": true, "timestamp": "2019-06-15T01:33:20.500Z", "link": null}}, {"model": "dashboard.notificacion", "pk": 10, "fields": {"usuario": 9, "tipo": "EE", "contenido": "Se recibi\u00f3 el env\u00edo 1", "leida": true, "timestamp": "2019-06-15T01:35:19.596Z", "link": null}}, {"model": "dashboard.notificacion", "pk": 11, "fields": {"usuario": 9, "tipo": "RE", "contenido": "Se recibi\u00f3 una respuesta para la pregunta 'Mi primera pregunta ....'", "leida": true, "timestamp": "2019-06-15T15:14:24.035Z", "link": null}}, {"model": "dashboard.notificacion", "pk": 12, "fields": {"usuario": 9, "tipo": "RE", "contenido": "Se recibi\u00f3 una respuesta para la pregunta 'Mi primera pregunta ....'", "leida": true, "timestamp": "2019-06-15T15:20:45.504Z", "link": "/problemas/primerprob/#pregunta29"}}, {"model": "dashboard.notificacion", "pk": 13, "fields": {"usuario": 9, "tipo": "RE", "contenido": "Se recibi\u00f3 una respuesta para la pregunta 'Mi primera pregunta ....'", "leida": false, "timestamp": "2019-06-15T16:19:53.628Z", "link": "/problemas/primerprob/#pregunta29"}}, {"model": "dashboard.notificacion", "pk": 14, "fields": {"usuario": 9, "tipo": "EE", "contenido": "Se recibi\u00f3 el env\u00edo 1", "leida": false, "timestamp": "2019-06-15T16:37:59.332Z", "link": "/envios/segundoprob1/"}}, {"model": "dashboard.notificacion", "pk": 15, "fields": {"usuario": 9, "tipo": "EE", "contenido": "Se recibi\u00f3 el env\u00edo 1", "leida": false, "timestamp": "2019-06-15T16:39:42.948Z", "link": "/envios/segundoprob1sss/"}}, {"model": "dashboard.notificacion", "pk": 16, "fields": {"usuario": 9, "tipo": "EE", "contenido": "Se recibi\u00f3 el env\u00edo 1", "leida": false, "timestamp": "2019-06-15T16:39:47.616Z", "link": "/envios/segundoprob1wwe/"}}, {"model": "dashboard.notificacion", "pk": 17, "fields": {"usuario": 1, "tipo": "EE", "contenido": "Se recibi\u00f3 el env\u00edo 2", "leida": false, "timestamp": "2019-06-16T21:15:52.988Z", "link": "/envios/contaraps2/"}}, {"model": "dashboard.notificacion", "pk": 18, "fields": {"usuario": 1, "tipo": "EE", "contenido": "Se recibi\u00f3 el env\u00edo 2", "leida": false, "timestamp": "2019-06-17T16:36:04.108Z", "link": "/envios/contaraps2/"}}, {"model": "dashboard.notificacion", "pk": 19, "fields": {"usuario": 1, "tipo": "EE", "contenido": "Se recibi\u00f3 el env\u00edo 3", "leida": false, "timestamp": "2019-06-17T19:50:40.268Z", "link": "/envios/contaraps3/"}}, {"model": "dashboard.tag", "pk": 1, "fields": {"texto": "Ciclos", "descripcion": "Ciclos (de todos los tipos)"}}, {"model": "dashboard.tag", "pk": 2, "fields": {"texto": "Recorridos parciales", "descripcion": "Recorridos parciales"}}, {"model": "dashboard.tag", "pk": 3, "fields": {"texto": "Recorridos totales", "descripcion": "Recorridos totales"}}, {"model": "dashboard.tag", "pk": 4, "fields": {"texto": "Recorridos dobles", "descripcion": "Recorridos dobles"}}, {"model": "dashboard.tag", "pk": 6, "fields": {"texto": "Funciones", "descripcion": "Funciones"}}, {"model": "dashboard.tag", "pk": 7, "fields": {"texto": "Dividir y Conquistar", "descripcion": "Descomposici\u00f3n Funcional"}}, {"model": "dashboard.tag", "pk": 8, "fields": {"texto": "Geometr\u00eda", "descripcion": "Problemas geom\u00e9tricos"}}, {"model": "dashboard.problema", "pk": 1, "fields": {"numero": 1, "slug": "primerprob", "titulo": "Primer problema", "descripcion": "Descripci\u00f3n del primer problema creado", "autor": 1, "curso": 1, "estado": "Creado", "dificultad": 34, "funcion": "primero", "retorno_tipo": "str", "retorno_descripcion": "", "publico": true, "tags": [2, 6, 7]}}, {"model": "dashboard.problema", "pk": 2, "fields": {"numero": 2, "slug": "segundoprob", "titulo": "Segundo problema", "descripcion": "Esta es la descripci\u00f3n del segundo problema ... enjoy!\r\n\r\nThe standard Lorem Ipsum passage, used since the 1500s\r\n\r\n\"Lorem ipsum dolor sit amet, consectetur adipiscing elit, sed do eiusmod tempor incididunt ut labore et dolore magna aliqua. Ut enim ad minim veniam, quis nostrud exercitation ullamco laboris nisi ut aliquip ex ea commodo consequat. Duis aute irure dolor in reprehenderit in voluptate velit esse cillum dolore eu fugiat nulla pariatur. Excepteur sint occaecat cupidatat non proident, sunt in culpa qui officia deserunt mollit anim id est laborum.\"\r\nSection 1.10.32 of \"de Finibus Bonorum et Malorum\", written by Cicero in 45 BC\r\n\r\n\"Sed ut perspiciatis unde omnis iste natus error sit voluptatem accusantium doloremque laudantium, totam rem aperiam, eaque ipsa quae ab illo inventore veritatis et quasi architecto beatae vitae dicta sunt explicabo. Nemo enim ipsam voluptatem quia voluptas sit aspernatur aut odit aut fugit, sed quia consequuntur magni dolores eos qui ratione voluptatem sequi nesciunt. Neque porro quisquam est, qui dolorem ipsum quia dolor sit amet, consectetur, adipisci velit, sed quia non numquam eius modi tempora incidunt ut labore et dolore magnam aliquam quaerat voluptatem. Ut enim ad minima veniam, quis nostrum exercitationem ullam corporis suscipit laboriosam, nisi ut aliquid ex ea commodi consequatur? Quis autem vel eum iure reprehenderit qui in ea voluptate velit esse quam nihil molestiae consequatur, vel illum qui dolorem eum fugiat quo voluptas nulla pariatur?\"", "autor": 1, "curso": 1, "estado": "Nuevo", "dificultad": 20, "funcion": "segunda_funcion", "retorno_tipo": "str", "retorno_descripcion": "El resultado de aplicar la funci\u00f3n, convertido a una cadena de caracteres", "publico": true, "tags": [1, 3]}}, {"model": "dashboard.problema", "pk": 3, "fields": {"numero": 3, "slug": "contaraps", "titulo": "Contar apariciones en lista", "descripcion": "Se quiere contar la cantidad de veces que aparece un determinado valor ('elemento_buscado') en una lista ('lista_elementos'). \r\nLos elementos de la lista y el valor buscado son de tipo int y se pueden comparar usando '=='.", "autor": 2, "curso": 1, "estado": "Nuevo", "dificultad": 10, "funcion": "contar_apariciones", "retorno_tipo": "int", "retorno_descripcion": "La cantidad de veces que aparece el valor buscado en la lista.", "publico": true, "tags": [1, 3]}}, {"model": "dashboard.argumento", "pk": 1, "fields": {"posicion": 1, "nombre": "input1", "tipo": "str", "descripcion": "Cadena de caracteres para el primer input", "problema": 2}}, {"model": "dashboard.argumento", "pk": 2, "fields": {"posicion": 1, "nombre": "input2", "tipo": "str", "descripcion": "Caracter\u00edsticas del segundo input", "problema": 2}}, {"model": "dashboard.argumento", "pk": 3, "fields": {"posicion": 1, "nombre": "input3", "tipo": "int", "descripcion": "Tercer input: este es un entero", "problema": 2}}, {"model": "dashboard.argumento", "pk": 4, "fields": {"posicion": 2, "nombre": "lista_elementos", "tipo": "list", "descripcion": "Lista de elementos en la que se quiere hacer una b\u00fasqueda", "problema": 3}}, {"model": "dashboard.argumento", "pk": 5, "fields": {"posicion": 1, "nombre": "elemento_buscado", "tipo": "int", "descripcion": "Elemento que se quiere buscar en la lista", "problema": 3}}, {"model": "dashboard.prueba", "pk": 1, "fields": {"numero": 1, "descripcion": "Prueba b\u00e1sica", "comentario_ok": "Correcto con datos b\u00e1sicos", "comentario_error": "La respuesta es incorrecta para datos b\u00e1sicos", "problema": 1, "tiempo": 5, "tipo": "IO"}}, {"model": "dashboard.prueba", "pk": 2, "fields": {"numero": 1, "descripcion": "Prueba una aparici\u00f3n", "comentario_ok": "Funciona correctamente cuando el elemento est\u00e1 s\u00f3lo una vez", "comentario_error": "No se encontr\u00f3 el elemento que aparec\u00eda una sola vez", "problema": 3, "tiempo": 5, "tipo": "IO"}}, {"model": "dashboard.prueba", "pk": 3, "fields": {"numero": 2, "descripcion": "El elemento no existe", "comentario_ok": "Responde correctamente cuando el elemento no existe", "comentario_error": "No responde correctamente si el elemento no existe en la lista", "problema": 3, "tiempo": 5, "tipo": "IO"}}, {"model": "dashboard.prueba", "pk": 4, "fields": {"numero": 3, "descripcion": "Prueba m\u00faltiples apariciones", "comentario_ok": "Cuenta correctamente cuando el elemento aparece m\u00faltiples veces", "comentario_error": "No cuenta correctamente cuando el elemento aparece m\u00faltiples veces", "problema": 3, "tiempo": 5, "tipo": "IO"}}, {"model": "dashboard.prueba", "pk": 5, "fields": {"numero": 4, "descripcion": "Lista vac\u00eda", "comentario_ok": "Maneja correctamente el caso en que la lista est\u00e1 vac\u00eda", "comentario_error": "No funciona correctamente cuando la lista est\u00e1 vac\u00eda", "problema": 3, "tiempo": 5, "tipo": "IO"}}, {"model": "dashboard.medalla", "pk": 1, "fields": {"nombre": "Gran Ayudante", "descripcion": "Ha respondido 5 preguntas de otros usuarios", "nivel": 1, "cantidad": 0}}, {"model": "dashboard.medalla", "pk": 2, "fields": {"nombre": "Ayudante dedicado", "descripcion": "Ha respondido 10 preguntas de otros usuarios", "nivel": 2, "cantidad": 0}}, {"model": "dashboard.medalla", "pk": 3, "fields": {"nombre": "Ayudante Incre\u00edble", "descripcion": "Ha respondido 30 preguntas de otros usuarios", "nivel": 3, "cantidad": 0}}, {"model": "dashboard.medalla", "pk": 4, "fields": {"nombre": "Autobi\u00f3grafo", "descripcion": "Ha completado su perfil", "nivel": 2, "cantidad": 0}}, {"model": "dashboard.medalla", "pk": 5, "fields": {"nombre": "Narciso", "descripcion": "Ha cambiado su imagen de perfil al menos 3 veces", "nivel": 3, "cantidad": 1}}, {"model": "dashboard.logro", "pk": 1, "fields": {"timestamp": "2019-06-09T23:30:00.165Z", "usuario": 1, "medalla": 1}}, {"model": "dashboard.logro", "pk": 2, "fields": {"timestamp": "2019-06-10T03:59:27.245Z", "usuario": 1, "medalla": 4}}, {"model": "dashboard.logro", "pk": 3, "fields": {"timestamp": "2019-06-10T03:59:32.336Z", "usuario": 1, "medalla": 5}}, {"model": "dashboard.tarea", "pk": 1, "fields": {"numero": 1, "fecha_limite": "2019-06-12T00:45:22Z", "seccion": 1, "problemas": [2, 3]}}, {"model": "dashboard.tarea", "pk": 2, "fields": {"numero": 2, "fecha_limite": "2019-06-26T23:41:29Z", "seccion": 1, "problemas": [1]}}, {"model": "dashboard.resultadotarea", "pk": 1, "fields": {"tarea": 1, "estudiante": 1, "avance": 0.0, "puntos": 0}}, {"model": "dashboard.resultadotarea", "pk": 2, "fields": {"tarea": 2, "estudiante": 1, "avance": 100.0, "puntos": 26}}, {"model": "dashboard.resultadotarea", "pk": 3, "fields": {"tarea": 1, "estudiante": 9, "avance": 0.0, "puntos": 0}}, {"model": "dashboard.resultadotarea", "pk": 4, "fields": {"tarea": 2, "estudiante": 9, "avance": 100.0, "puntos": 0}}, {"model": "dashboard.resultadotarea", "pk": 5, "fields": {"tarea": 1, "estudiante": 1, "avance": 0.0, "puntos": 0}}, {"model": "dashboard.resultadotarea", "pk": 6, "fields": {"tarea": 2, "estudiante": 1, "avance": 100.0, "puntos": 26}}, {"model": "dashboard.resultadotarea", "pk": 7, "fields": {"tarea": 1, "estudiante": 1, "avance": 0.0, "puntos": 0}}, {"model": "dashboard.resultadotarea", "pk": 8, "fields": {"tarea": 2, "estudiante": 1, "avance": 100.0, "puntos": 26}}, {"model": "dashboard.resultadotarea", "pk": 9, "fields": {"tarea": 1, "estudiante": 1, "avance": 0.0, "puntos": 0}}, {"model": "dashboard.resultadotarea", "pk": 10, "fields": {"tarea": 2, "estudiante": 1, "avance": 100.0, "puntos": 26}}, {"model": "auth.permission", "pk": 1, "fields": {"name": "Can add log entry", "content_type": 1, "codename": "add_logentry"}}, {"model": "auth.permission", "pk": 2, "fields": {"name": "Can change log entry", "content_type": 1, "codename": "change_logentry"}}, {"model": "auth.permission", "pk": 3, "fields": {"name": "Can delete log entry", "content_type": 1, "codename": "delete_logentry"}}, {"model": "auth.permission", "pk": 4, "fields": {"name": "Can view log entry", "content_type": 1, "codename": "view_logentry"}}, {"model": "auth.permission", "pk": 5, "fields": {"name": "Can add permission", "content_type": 2, "codename": "add_permission"}}, {"model": "auth.permission", "pk": 6, "fields": {"name": "Can change permission", "content_type": 2, "codename": "change_permission"}}, {"model": "auth.permission", "pk": 7, "fields": {"name": "Can delete permission", "content_type": 2, "codename": "delete_permission"}}, {"model": "auth.permission", "pk": 8, "fields": {"name": "Can view permission", "content_type": 2, "codename": "view_permission"}}, {"model": "auth.permission", "pk": 9, "fields": {"name": "Can add group", "content_type": 3, "codename": "add_group"}}, {"model": "auth.permission", "pk": 10, "fields": {"name": "Can change group", "content_type": 3, "codename": "change_group"}}, {"model": "auth.permission", "pk": 11, "fields": {"name": "Can delete group", "content_type": 3, "codename": "delete_group"}}, {"model": "auth.permission", "pk": 12, "fields": {"name": "Can view group", "content_type": 3, "codename": "view_group"}}, {"model": "auth.permission", "pk": 13, "fields": {"name": "Can add user", "content_type": 4, "codename": "add_user"}}, {"model": "auth.permission", "pk": 14, "fields": {"name": "Can change user", "content_type": 4, "codename": "change_user"}}, {"model": "auth.permission", "pk": 15, "fields": {"name": "Can delete user", "content_type": 4, "codename": "delete_user"}}, {"model": "auth.permission", "pk": 16, "fields": {"name": "Can view user", "content_type": 4, "codename": "view_user"}}, {"model": "auth.permission", "pk": 17, "fields": {"name": "Can add content type", "content_type": 5, "codename": "add_contenttype"}}, {"model": "auth.permission", "pk": 18, "fields": {"name": "Can change content type", "content_type": 5, "codename": "change_contenttype"}}, {"model": "auth.permission", "pk": 19, "fields": {"name": "Can delete content type", "content_type": 5, "codename": "delete_contenttype"}}, {"model": "auth.permission", "pk": 20, "fields": {"name": "Can view content type", "content_type": 5, "codename": "view_contenttype"}}, {"model": "auth.permission", "pk": 21, "fields": {"name": "Can add session", "content_type": 6, "codename": "add_session"}}, {"model": "auth.permission", "pk": 22, "fields": {"name": "Can change session", "content_type": 6, "codename": "change_session"}}, {"model": "auth.permission", "pk": 23, "fields": {"name": "Can delete session", "content_type": 6, "codename": "delete_session"}}, {"model": "auth.permission", "pk": 24, "fields": {"name": "Can view session", "content_type": 6, "codename": "view_session"}}, {"model": "auth.permission", "pk": 25, "fields": {"name": "Can add curso", "content_type": 7, "codename": "add_curso"}}, {"model": "auth.permission", "pk": 26, "fields": {"name": "Can change curso", "content_type": 7, "codename": "change_curso"}}, {"model": "auth.permission", "pk": 27, "fields": {"name": "Can delete curso", "content_type": 7, "codename": "delete_curso"}}, {"model": "auth.permission", "pk": 28, "fields": {"name": "Can view curso", "content_type": 7, "codename": "view_curso"}}, {"model": "auth.permission", "pk": 29, "fields": {"name": "Can add curso semestre", "content_type": 8, "codename": "add_cursosemestre"}}, {"model": "auth.permission", "pk": 30, "fields": {"name": "Can change curso semestre", "content_type": 8, "codename": "change_cursosemestre"}}, {"model": "auth.permission", "pk": 31, "fields": {"name": "Can delete curso semestre", "content_type": 8, "codename": "delete_cursosemestre"}}, {"model": "auth.permission", "pk": 32, "fields": {"name": "Can view curso semestre", "content_type": 8, "codename": "view_cursosemestre"}}, {"model": "auth.permission", "pk": 33, "fields": {"name": "Can add envio", "content_type": 9, "codename": "add_envio"}}, {"model": "auth.permission", "pk": 34, "fields": {"name": "Can change envio", "content_type": 9, "codename": "change_envio"}}, {"model": "auth.permission", "pk": 35, "fields": {"name": "Can delete envio", "content_type": 9, "codename": "delete_envio"}}, {"model": "auth.permission", "pk": 36, "fields": {"name": "Can view envio", "content_type": 9, "codename": "view_envio"}}, {"model": "auth.permission", "pk": 37, "fields": {"name": "Can add problema", "content_type": 10, "codename": "add_problema"}}, {"model": "auth.permission", "pk": 38, "fields": {"name": "Can change problema", "content_type": 10, "codename": "change_problema"}}, {"model": "auth.permission", "pk": 39, "fields": {"name": "Can delete problema", "content_type": 10, "codename": "delete_problema"}}, {"model": "auth.permission", "pk": 40, "fields": {"name": "Can view problema", "content_type": 10, "codename": "view_problema"}}, {"model": "auth.permission", "pk": 41, "fields": {"name": "Can add prueba", "content_type": 11, "codename": "add_prueba"}}, {"model": "auth.permission", "pk": 42, "fields": {"name": "Can change prueba", "content_type": 11, "codename": "change_prueba"}}, {"model": "auth.permission", "pk": 43, "fields": {"name": "Can delete prueba", "content_type": 11, "codename": "delete_prueba"}}, {"model": "auth.permission", "pk": 44, "fields": {"name": "Can view prueba", "content_type": 11, "codename": "view_prueba"}}, {"model": "auth.permission", "pk": 45, "fields": {"name": "Can add usuario", "content_type": 12, "codename": "add_usuario"}}, {"model": "auth.permission", "pk": 46, "fields": {"name": "Can change usuario", "content_type": 12, "codename": "change_usuario"}}, {"model": "auth.permission", "pk": 47, "fields": {"name": "Can delete usuario", "content_type": 12, "codename": "delete_usuario"}}, {"model": "auth.permission", "pk": 48, "fields": {"name": "Can view usuario", "content_type": 12, "codename": "view_usuario"}}, {"model": "auth.permission", "pk": 49, "fields": {"name": "Can add seccion", "content_type": 13, "codename": "add_seccion"}}, {"model": "auth.permission", "pk": 50, "fields": {"name": "Can change seccion", "content_type": 13, "codename": "change_seccion"}}, {"model": "auth.permission", "pk": 51, "fields": {"name": "Can delete seccion", "content_type": 13, "codename": "delete_seccion"}}, {"model": "auth.permission", "pk": 52, "fields": {"name": "Can view seccion", "content_type": 13, "codename": "view_seccion"}}, {"model": "auth.permission", "pk": 53, "fields": {"name": "Can add resultado prueba", "content_type": 14, "codename": "add_resultadoprueba"}}, {"model": "auth.permission", "pk": 54, "fields": {"name": "Can change resultado prueba", "content_type": 14, "codename": "change_resultadoprueba"}}, {"model": "auth.permission", "pk": 55, "fields": {"name": "Can delete resultado prueba", "content_type": 14, "codename": "delete_resultadoprueba"}}, {"model": "auth.permission", "pk": 56, "fields": {"name": "Can view resultado prueba", "content_type": 14, "codename": "view_resultadoprueba"}}, {"model": "auth.permission", "pk": 57, "fields": {"name": "Can add pregunta", "content_type": 15, "codename": "add_pregunta"}}, {"model": "auth.permission", "pk": 58, "fields": {"name": "Can change pregunta", "content_type": 15, "codename": "change_pregunta"}}, {"model": "auth.permission", "pk": 59, "fields": {"name": "Can delete pregunta", "content_type": 15, "codename": "delete_pregunta"}}, {"model": "auth.permission", "pk": 60, "fields": {"name": "Can view pregunta", "content_type": 15, "codename": "view_pregunta"}}, {"model": "auth.permission", "pk": 61, "fields": {"name": "Can add comentario problema", "content_type": 16, "codename": "add_comentarioproblema"}}, {"model": "auth.permission", "pk": 62, "fields": {"name": "Can change comentario problema", "content_type": 16, "codename": "change_comentarioproblema"}}, {"model": "auth.permission", "pk": 63, "fields": {"name": "Can delete comentario problema", "content_type": 16, "codename": "delete_comentarioproblema"}}, {"model": "auth.permission", "pk": 64, "fields": {"name": "Can view comentario problema", "content_type": 16, "codename": "view_comentarioproblema"}}, {"model": "auth.permission", "pk": 65, "fields": {"name": "Can add comentario pregunta", "content_type": 17, "codename": "add_comentariopregunta"}}, {"model": "auth.permission", "pk": 66, "fields": {"name": "Can change comentario pregunta", "content_type": 17, "codename": "change_comentariopregunta"}}, {"model": "auth.permission", "pk": 67, "fields": {"name": "Can delete comentario pregunta", "content_type": 17, "codename": "delete_comentariopregunta"}}, {"model": "auth.permission", "pk": 68, "fields": {"name": "Can view comentario pregunta", "content_type": 17, "codename": "view_comentariopregunta"}}, {"model": "auth.permission", "pk": 69, "fields": {"name": "Can add blog post", "content_type": 18, "codename": "add_blogpost"}}, {"model": "auth.permission", "pk": 70, "fields": {"name": "Can change blog post", "content_type": 18, "codename": "change_blogpost"}}, {"model": "auth.permission", "pk": 71, "fields": {"name": "Can delete blog post", "content_type": 18, "codename": "delete_blogpost"}}, {"model": "auth.permission", "pk": 72, "fields": {"name": "Can view blog post", "content_type": 18, "codename": "view_blogpost"}}, {"model": "auth.permission", "pk": 73, "fields": {"name": "Can add profesor", "content_type": 19, "codename": "add_profesor"}}, {"model": "auth.permission", "pk": 74, "fields": {"name": "Can change profesor", "content_type": 19, "codename": "change_profesor"}}, {"model": "auth.permission", "pk": 75, "fields": {"name": "Can delete profesor", "content_type": 19, "codename": "delete_profesor"}}, {"model": "auth.permission", "pk": 76, "fields": {"name": "Can view profesor", "content_type": 19, "codename": "view_profesor"}}, {"model": "auth.permission", "pk": 77, "fields": {"name": "Can add monitor", "content_type": 20, "codename": "add_monitor"}}, {"model": "auth.permission", "pk": 78, "fields": {"name": "Can change monitor", "content_type": 20, "codename": "change_monitor"}}, {"model": "auth.permission", "pk": 79, "fields": {"name": "Can delete monitor", "content_type": 20, "codename": "delete_monitor"}}, {"model": "auth.permission", "pk": 80, "fields": {"name": "Can view monitor", "content_type": 20, "codename": "view_monitor"}}, {"model": "auth.permission", "pk": 81, "fields": {"name": "Can add estudiante", "content_type": 21, "codename": "add_estudiante"}}, {"model": "auth.permission", "pk": 82, "fields": {"name": "Can change estudiante", "content_type": 21, "codename": "change_estudiante"}}, {"model": "auth.permission", "pk": 83, "fields": {"name": "Can delete estudiante", "content_type": 21, "codename": "delete_estudiante"}}, {"model": "auth.permission", "pk": 84, "fields": {"name": "Can view estudiante", "content_type": 21, "codename": "view_estudiante"}}, {"model": "auth.permission", "pk": 85, "fields": {"name": "Can add resultado estudiante", "content_type": 22, "codename": "add_resultadoestudiante"}}, {"model": "auth.permission", "pk": 86, "fields": {"name": "Can change resultado estudiante", "content_type": 22, "codename": "change_resultadoestudiante"}}, {"model": "auth.permission", "pk": 87, "fields": {"name": "Can delete resultado estudiante", "content_type": 22, "codename": "delete_resultadoestudiante"}}, {"model": "auth.permission", "pk": 88, "fields": {"name": "Can view resultado estudiante", "content_type": 22, "codename": "view_resultadoestudiante"}}, {"model": "auth.permission", "pk": 89, "fields": {"name": "Can add tag", "content_type": 23, "codename": "add_tag"}}, {"model": "auth.permission", "pk": 90, "fields": {"name": "Can change tag", "content_type": 23, "codename": "change_tag"}}, {"model": "auth.permission", "pk": 91, "fields": {"name": "Can delete tag", "content_type": 23, "codename": "delete_tag"}}, {"model": "auth.permission", "pk": 92, "fields": {"name": "Can view tag", "content_type": 23, "codename": "view_tag"}}, {"model": "auth.permission", "pk": 93, "fields": {"name": "Can add argumento", "content_type": 24, "codename": "add_argumento"}}, {"model": "auth.permission", "pk": 94, "fields": {"name": "Can change argumento", "content_type": 24, "codename": "change_argumento"}}, {"model": "auth.permission", "pk": 95, "fields": {"name": "Can delete argumento", "content_type": 24, "codename": "delete_argumento"}}, {"model": "auth.permission", "pk": 96, "fields": {"name": "Can view argumento", "content_type": 24, "codename": "view_argumento"}}, {"model": "auth.permission", "pk": 97, "fields": {"name": "Can add resultado problema", "content_type": 25, "codename": "add_resultadoproblema"}}, {"model": "auth.permission", "pk": 98, "fields": {"name": "Can change resultado problema", "content_type": 25, "codename": "change_resultadoproblema"}}, {"model": "auth.permission", "pk": 99, "fields": {"name": "Can delete resultado problema", "content_type": 25, "codename": "delete_resultadoproblema"}}, {"model": "auth.permission", "pk": 100, "fields": {"name": "Can view resultado problema", "content_type": 25, "codename": "view_resultadoproblema"}}, {"model": "auth.permission", "pk": 101, "fields": {"name": "Can add notificacion", "content_type": 26, "codename": "add_notificacion"}}, {"model": "auth.permission", "pk": 102, "fields": {"name": "Can change notificacion", "content_type": 26, "codename": "change_notificacion"}}, {"model": "auth.permission", "pk": 103, "fields": {"name": "Can delete notificacion", "content_type": 26, "codename": "delete_notificacion"}}, {"model": "auth.permission", "pk": 104, "fields": {"name": "Can view notificacion", "content_type": 26, "codename": "view_notificacion"}}, {"model": "auth.permission", "pk": 105, "fields": {"name": "Can add medalla", "content_type": 27, "codename": "add_medalla"}}, {"model": "auth.permission", "pk": 106, "fields": {"name": "Can change medalla", "content_type": 27, "codename": "change_medalla"}}, {"model": "auth.permission", "pk": 107, "fields": {"name": "Can delete medalla", "content_type": 27, "codename": "delete_medalla"}}, {"model": "auth.permission", "pk": 108, "fields": {"name": "Can view medalla", "content_type": 27, "codename": "view_medalla"}}, {"model": "auth.permission", "pk": 109, "fields": {"name": "Can add logro", "content_type": 28, "codename": "add_logro"}}, {"model": "auth.permission", "pk": 110, "fields": {"name": "Can change logro", "content_type": 28, "codename": "change_logro"}}, {"model": "auth.permission", "pk": 111, "fields": {"name": "Can delete logro", "content_type": 28, "codename": "delete_logro"}}, {"model": "auth.permission", "pk": 112, "fields": {"name": "Can view logro", "content_type": 28, "codename": "view_logro"}}, {"model": "auth.permission", "pk": 113, "fields": {"name": "Can add prueba io", "content_type": 29, "codename": "add_pruebaio"}}, {"model": "auth.permission", "pk": 114, "fields": {"name": "Can change prueba io", "content_type": 29, "codename": "change_pruebaio"}}, {"model": "auth.permission", "pk": 115, "fields": {"name": "Can delete prueba io", "content_type": 29, "codename": "delete_pruebaio"}}, {"model": "auth.permission", "pk": 116, "fields": {"name": "Can view prueba io", "content_type": 29, "codename": "view_pruebaio"}}, {"model": "auth.permission", "pk": 117, "fields": {"name": "Can add prueba script", "content_type": 30, "codename": "add_pruebascript"}}, {"model": "auth.permission", "pk": 118, "fields": {"name": "Can change prueba script", "content_type": 30, "codename": "change_pruebascript"}}, {"model": "auth.permission", "pk": 119, "fields": {"name": "Can delete prueba script", "content_type": 30, "codename": "delete_pruebascript"}}, {"model": "auth.permission", "pk": 120, "fields": {"name": "Can view prueba script", "content_type": 30, "codename": "view_pruebascript"}}, {"model": "auth.permission", "pk": 121, "fields": {"name": "Can add worker", "content_type": 31, "codename": "add_worker"}}, {"model": "auth.permission", "pk": 122, "fields": {"name": "Can change worker", "content_type": 31, "codename": "change_worker"}}, {"model": "auth.permission", "pk": 123, "fields": {"name": "Can delete worker", "content_type": 31, "codename": "delete_worker"}}, {"model": "auth.permission", "pk": 124, "fields": {"name": "Can view worker", "content_type": 31, "codename": "view_worker"}}, {"model": "auth.permission", "pk": 125, "fields": {"name": "Can add revision", "content_type": 32, "codename": "add_revision"}}, {"model": "auth.permission", "pk": 126, "fields": {"name": "Can change revision", "content_type": 32, "codename": "change_revision"}}, {"model": "auth.permission", "pk": 127, "fields": {"name": "Can delete revision", "content_type": 32, "codename": "delete_revision"}}, {"model": "auth.permission", "pk": 128, "fields": {"name": "Can view revision", "content_type": 32, "codename": "view_revision"}}, {"model": "auth.permission", "pk": 129, "fields": {"name": "Can add resultado tarea", "content_type": 33, "codename": "add_resultadotarea"}}, {"model": "auth.permission", "pk": 130, "fields": {"name": "Can change resultado tarea", "content_type": 33, "codename": "change_resultadotarea"}}, {"model": "auth.permission", "pk": 131, "fields": {"name": "Can delete resultado tarea", "content_type": 33, "codename": "delete_resultadotarea"}}, {"model": "auth.permission", "pk": 132, "fields": {"name": "Can view resultado tarea", "content_type": 33, "codename": "view_resultadotarea"}}, {"model": "auth.permission", "pk": 133, "fields": {"name": "Can add tarea", "content_type": 34, "codename": "add_tarea"}}, {"model": "auth.permission", "pk": 134, "fields": {"name": "Can change tarea", "content_type": 34, "codename": "change_tarea"}}, {"model": "auth.permission", "pk": 135, "fields": {"name": "Can delete tarea", "content_type": 34, "codename": "delete_tarea"}}, {"model": "auth.permission", "pk": 136, "fields": {"name": "Can view tarea", "content_type": 34, "codename": "view_tarea"}}, {"model": "auth.permission", "pk": 137, "fields": {"name": "Can add recurso", "content_type": 35, "codename": "add_recurso"}}, {"model": "auth.permission", "pk": 138, "fields": {"name": "Can change recurso", "content_type": 35, "codename": "change_recurso"}}, {"model": "auth.permission", "pk": 139, "fields": {"name": "Can delete recurso", "content_type": 35, "codename": "delete_recurso"}}, {"model": "auth.permission", "pk": 140, "fields": {"name": "Can view recurso", "content_type": 35, "codename": "view_recurso"}}, {"model": "auth.permission", "pk": 141, "fields": {"name": "Can add consulta recurso", "content_type": 36, "codename": "add_consultarecurso"}}, {"model": "auth.permission", "pk": 142, "fields": {"name": "Can change consulta recurso", "content_type": 36, "codename": "change_consultarecurso"}}, {"model": "auth.permission", "pk": 143, "fields": {"name": "Can delete consulta recurso", "content_type": 36, "codename": "delete_consultarecurso"}}, {"model": "auth.permission", "pk": 144, "fields": {"name": "Can view consulta recurso", "content_type": 36, "codename": "view_consultarecurso"}}, {"model": "auth.permission", "pk": 145, "fields": {"name": "Can add registro", "content_type": 37, "codename": "add_registro"}}, {"model": "auth.permission", "pk": 146, "fields": {"name": "Can change registro", "content_type": 37, "codename": "change_registro"}}, {"model": "auth.permission", "pk": 147, "fields": {"name": "Can delete registro", "content_type": 37, "codename": "delete_registro"}}, {"model": "auth.permission", "pk": 148, "fields": {"name": "Can view registro", "content_type": 37, "codename": "view_registro"}}, {"model": "auth.user", "pk": 1, "fields": {"password": "pbkdf2_sha256$150000$ytQ7kwtmbFpa$9Z4625kL7rc0dRwPTSeiT6/toV90vZNodUczZySS89A=", "last_login": "2019-06-14T22:44:28.704Z", "is_superuser": true, "username": "giove", "first_name": "", "last_name": "", "email": "", "is_staff": true, "is_active": true, "date_joined": "2019-05-22T14:41:03.643Z", "groups": [], "user_permissions": []}}, {"model": "admin.logentry", "pk": 1, "fields": {"action_time": "2019-05-22T14:41:54.623Z", "user": 1, "content_type": 7, "object_id": "1", "object_repr": "Introducci\u00f3n a la Programaci\u00f3n", "action_flag": 1, "change_message": "[{\"added\": {}}]"}}, {"model": "admin.logentry", "pk": 2, "fields": {"action_time": "2019-05-22T14:42:00.089Z", "user": 1, "content_type": 13, "object_id": "1", "object_repr": "Introducci\u00f3n a la Programaci\u00f3n - 201920: 1", "action_flag": 1, "change_message": "[{\"added\": {}}]"}}, {"model": "admin.logentry", "pk": 3, "fields": {"action_time": "2019-05-22T14:42:14.179Z", "user": 1, "content_type": 21, "object_id": "1", "object_repr": "Estudiante object (1)", "action_flag": 1, "change_message": "[{\"added\": {}}]"}}, {"model": "admin.logentry", "pk": 4, "fields": {"action_time": "2019-05-22T14:46:22.142Z", "user": 1, "content_type": 10, "object_id": "1", "object_repr": "Primer problema (1)", "action_flag": 1, "change_message": "[{\"added\": {}}]"}}, {"model": "admin.logentry", "pk": 5, "fields": {"action_time": "2019-05-27T12:16:53.516Z", "user": 1, "content_type": 10, "object_id": "2", "object_repr": "Segundo problema (2)", "action_flag": 1, "change_message": "[{\"added\": {}}]"}}, {"model": "admin.logentry", "pk": 6, "fields": {"action_time": "2019-05-27T12:17:00.276Z", "user": 1, "content_type": 10, "object_id": "3", "object_repr": "Tercer problema (3)", "action_flag": 1, "change_message": "[{\"added\": {}}]"}}, {"model": "admin.logentry", "pk": 7, "fields": {"action_time": "2019-05-27T18:46:04.922Z", "user": 1, "content_type": 10, "object_id": "3", "object_repr": "Tercer problema (3)", "action_flag": 3, "change_message": ""}}, {"model": "admin.logentry", "pk": 8, "fields": {"action_time": "2019-05-27T18:46:04.925Z", "user": 1, "content_type": 10, "object_id": "2", "object_repr": "Segundo problema (2)", "action_flag": 3, "change_message": ""}}, {"model": "admin.logentry", "pk": 9, "fields": {"action_time": "2019-05-27T18:46:04.926Z", "user": 1, "content_type": 10, "object_id": "1", "object_repr": "Primer problema (1)", "action_flag": 3, "change_message": ""}}, {"model": "admin.logentry", "pk": 10, "fields": {"action_time": "2019-05-28T05:34:05.221Z", "user": 1, "content_type": 10, "object_id": "1", "object_repr": "Primer problema (1)", "action_flag": 1, "change_message": "[{\"added\": {}}]"}}, {"model": "admin.logentry", "pk": 11, "fields": {"action_time": "2019-05-30T03:12:50.196Z", "user": 1, "content_type": 15, "object_id": "1", "object_repr": "Pregunta object (1)", "action_flag": 1, "change_message": "[{\"added\": {}}]"}}, {"model": "admin.logentry", "pk": 12, "fields": {"action_time": "2019-05-30T03:13:09.621Z", "user": 1, "content_type": 15, "object_id": "2", "object_repr": "Pregunta object (2)", "action_flag": 1, "change_message": "[{\"added\": {}}]"}}, {"model": "admin.logentry", "pk": 13, "fields": {"action_time": "2019-05-30T03:21:56.346Z", "user": 1, "content_type": 17, "object_id": "1", "object_repr": "ComentarioPregunta object (1)", "action_flag": 1, "change_message": "[{\"added\": {}}]"}}, {"model": "admin.logentry", "pk": 14, "fields": {"action_time": "2019-05-30T03:22:04.992Z", "user": 1, "content_type": 17, "object_id": "2", "object_repr": "ComentarioPregunta object (2)", "action_flag": 1, "change_message": "[{\"added\": {}}]"}}, {"model": "admin.logentry", "pk": 15, "fields": {"action_time": "2019-05-30T03:22:15.156Z", "user": 1, "content_type": 17, "object_id": "3", "object_repr": "ComentarioPregunta object (3)", "action_flag": 1, "change_message": "[{\"added\": {}}]"}}, {"model": "admin.logentry", "pk": 16, "fields": {"action_time": "2019-05-31T11:45:09.334Z", "user": 1, "content_type": 10, "object_id": "2", "object_repr": "Segundo problema (2)", "action_flag": 1, "change_message": "[{\"added\": {}}]"}}, {"model": "admin.logentry", "pk": 17, "fields": {"action_time": "2019-05-31T20:28:00.659Z", "user": 1, "content_type": 12, "object_id": "1", "object_repr": "est1 (ES)", "action_flag": 2, "change_message": "[{\"changed\": {\"fields\": [\"avatar\"]}}]"}}, {"model": "admin.logentry", "pk": 18, "fields": {"action_time": "2019-05-31T20:41:07.308Z", "user": 1, "content_type": 12, "object_id": "1", "object_repr": "usuario.uniandes (ES)", "action_flag": 2, "change_message": "[{\"changed\": {\"fields\": [\"login\", \"nombre\"]}}]"}}, {"model": "admin.logentry", "pk": 19, "fields": {"action_time": "2019-05-31T20:49:25.202Z", "user": 1, "content_type": 15, "object_id": "20", "object_repr": "Resumen pregunta - 20", "action_flag": 2, "change_message": "[{\"changed\": {\"fields\": [\"autor\"]}}]"}}, {"model": "admin.logentry", "pk": 20, "fields": {"action_time": "2019-06-02T03:01:28.549Z", "user": 1, "content_type": 15, "object_id": "13", "object_repr": "Resumen pregunta - 13", "action_flag": 3, "change_message": ""}}, {"model": "admin.logentry", "pk": 21, "fields": {"action_time": "2019-06-02T03:01:31.640Z", "user": 1, "content_type": 15, "object_id": "16", "object_repr": "Resumen pregunta - 16", "action_flag": 3, "change_message": ""}}, {"model": "admin.logentry", "pk": 22, "fields": {"action_time": "2019-06-02T03:01:35.083Z", "user": 1, "content_type": 15, "object_id": "17", "object_repr": "Resumen pregunta - 17", "action_flag": 3, "change_message": ""}}, {"model": "admin.logentry", "pk": 23, "fields": {"action_time": "2019-06-02T03:01:38.086Z", "user": 1, "content_type": 15, "object_id": "15", "object_repr": "Resumen pregunta - 15", "action_flag": 3, "change_message": ""}}, {"model": "admin.logentry", "pk": 24, "fields": {"action_time": "2019-06-02T03:01:41.179Z", "user": 1, "content_type": 15, "object_id": "9", "object_repr": "Resumen pregunta - 9", "action_flag": 3, "change_message": ""}}, {"model": "admin.logentry", "pk": 25, "fields": {"action_time": "2019-06-02T03:01:44.490Z", "user": 1, "content_type": 15, "object_id": "18", "object_repr": "Resumen pregunta - 18", "action_flag": 3, "change_message": ""}}, {"model": "admin.logentry", "pk": 26, "fields": {"action_time": "2019-06-02T03:01:56.689Z", "user": 1, "content_type": 15, "object_id": "14", "object_repr": "Resumen pregunta - 14", "action_flag": 3, "change_message": ""}}, {"model": "admin.logentry", "pk": 27, "fields": {"action_time": "2019-06-02T03:02:00.447Z", "user": 1, "content_type": 15, "object_id": "12", "object_repr": "Resumen pregunta - 12", "action_flag": 3, "change_message": ""}}, {"model": "admin.logentry", "pk": 28, "fields": {"action_time": "2019-06-02T03:02:03.669Z", "user": 1, "content_type": 15, "object_id": "19", "object_repr": "Resumen pregunta - 19", "action_flag": 3, "change_message": ""}}, {"model": "admin.logentry", "pk": 29, "fields": {"action_time": "2019-06-02T03:04:37.485Z", "user": 1, "content_type": 15, "object_id": "20", "object_repr": "Una pregunta muy importante sobre el problema - 20", "action_flag": 2, "change_message": "[{\"changed\": {\"fields\": [\"titulo\", \"contenido\"]}}]"}}, {"model": "admin.logentry", "pk": 30, "fields": {"action_time": "2019-06-02T03:05:00.511Z", "user": 1, "content_type": 15, "object_id": "11", "object_repr": "Otra pregunta fundamental! - 11", "action_flag": 2, "change_message": "[{\"changed\": {\"fields\": [\"titulo\", \"contenido\", \"autor\"]}}]"}}, {"model": "admin.logentry", "pk": 31, "fields": {"action_time": "2019-06-02T05:02:13.706Z", "user": 1, "content_type": 23, "object_id": "1", "object_repr": "Tag object (1)", "action_flag": 1, "change_message": "[{\"added\": {}}]"}}, {"model": "admin.logentry", "pk": 32, "fields": {"action_time": "2019-06-02T05:02:24.014Z", "user": 1, "content_type": 23, "object_id": "2", "object_repr": "Tag object (2)", "action_flag": 1, "change_message": "[{\"added\": {}}]"}}, {"model": "admin.logentry", "pk": 33, "fields": {"action_time": "2019-06-02T05:02:31.740Z", "user": 1, "content_type": 23, "object_id": "3", "object_repr": "Tag object (3)", "action_flag": 1, "change_message": "[{\"added\": {}}]"}}, {"model": "admin.logentry", "pk": 34, "fields": {"action_time": "2019-06-02T05:02:38.720Z", "user": 1, "content_type": 23, "object_id": "4", "object_repr": "Tag object (4)", "action_flag": 1, "change_message": "[{\"added\": {}}]"}}, {"model": "admin.logentry", "pk": 35, "fields": {"action_time": "2019-06-02T05:02:40.405Z", "user": 1, "content_type": 23, "object_id": "5", "object_repr": "Tag object (5)", "action_flag": 1, "change_message": "[{\"added\": {}}]"}}, {"model": "admin.logentry", "pk": 36, "fields": {"action_time": "2019-06-02T05:05:43.002Z", "user": 1, "content_type": 23, "object_id": "5", "object_repr": "TAG", "action_flag": 3, "change_message": ""}}, {"model": "admin.logentry", "pk": 37, "fields": {"action_time": "2019-06-02T05:07:18.835Z", "user": 1, "content_type": 10, "object_id": "2", "object_repr": "Segundo problema (2)", "action_flag": 2, "change_message": "[{\"changed\": {\"fields\": [\"tags\"]}}]"}}, {"model": "admin.logentry", "pk": 38, "fields": {"action_time": "2019-06-02T05:43:54.494Z", "user": 1, "content_type": 24, "object_id": "1", "object_repr": "input1: str", "action_flag": 1, "change_message": "[{\"added\": {}}]"}}, {"model": "admin.logentry", "pk": 39, "fields": {"action_time": "2019-06-02T05:44:07.004Z", "user": 1, "content_type": 24, "object_id": "2", "object_repr": "input2: str", "action_flag": 1, "change_message": "[{\"added\": {}}]"}}, {"model": "admin.logentry", "pk": 40, "fields": {"action_time": "2019-06-02T05:44:20.336Z", "user": 1, "content_type": 24, "object_id": "3", "object_repr": "input3: int", "action_flag": 1, "change_message": "[{\"added\": {}}]"}}, {"model": "admin.logentry", "pk": 41, "fields": {"action_time": "2019-06-02T21:06:48.721Z", "user": 1, "content_type": 9, "object_id": "1", "object_repr": "Envio object (1)", "action_flag": 1, "change_message": "[{\"added\": {}}]"}}, {"model": "admin.logentry", "pk": 42, "fields": {"action_time": "2019-06-02T21:08:21.551Z", "user": 1, "content_type": 9, "object_id": "2", "object_repr": "Envio object (2)", "action_flag": 1, "change_message": "[{\"added\": {}}]"}}, {"model": "admin.logentry", "pk": 43, "fields": {"action_time": "2019-06-02T21:08:34.611Z", "user": 1, "content_type": 9, "object_id": "3", "object_repr": "Envio object (3)", "action_flag": 1, "change_message": "[{\"added\": {}}]"}}, {"model": "admin.logentry", "pk": 44, "fields": {"action_time": "2019-06-02T21:29:11.512Z", "user": 1, "content_type": 22, "object_id": "1", "object_repr": "Primer problema - Juan Perez Perez - 2019-06-02 21:29:04+00:00", "action_flag": 1, "change_message": "[{\"added\": {}}]"}}, {"model": "admin.logentry", "pk": 45, "fields": {"action_time": "2019-06-02T21:29:21.720Z", "user": 1, "content_type": 22, "object_id": "1", "object_repr": "Primer problema - Juan Perez Perez - 2019-06-02 21:29:04+00:00", "action_flag": 2, "change_message": "[{\"changed\": {\"fields\": [\"resuelto\", \"puntos\"]}}]"}}, {"model": "admin.logentry", "pk": 46, "fields": {"action_time": "2019-06-02T21:29:57.108Z", "user": 1, "content_type": 9, "object_id": "3", "object_repr": "3: Juan Perez Perez-->Primer problema (2019-06-02 21:08:34.610409+00:00)", "action_flag": 2, "change_message": "[{\"changed\": {\"fields\": [\"problema\", \"resultado_estudiante\"]}}]"}}, {"model": "admin.logentry", "pk": 47, "fields": {"action_time": "2019-06-02T21:30:02.855Z", "user": 1, "content_type": 9, "object_id": "2", "object_repr": "2: Juan Perez Perez-->Primer problema (2019-06-02 21:08:21.550382+00:00)", "action_flag": 2, "change_message": "[{\"changed\": {\"fields\": [\"problema\", \"resultado_estudiante\"]}}]"}}, {"model": "admin.logentry", "pk": 48, "fields": {"action_time": "2019-06-02T21:30:08.542Z", "user": 1, "content_type": 9, "object_id": "1", "object_repr": "1: Juan Perez Perez-->Primer problema (2019-06-02 21:06:48.720693+00:00)", "action_flag": 2, "change_message": "[{\"changed\": {\"fields\": [\"problema\", \"resultado_estudiante\"]}}]"}}, {"model": "admin.logentry", "pk": 49, "fields": {"action_time": "2019-06-02T22:44:04.155Z", "user": 1, "content_type": 22, "object_id": "2", "object_repr": "Segundo problema - Juan Perez Perez - 2019-06-02 22:44:01+00:00", "action_flag": 1, "change_message": "[{\"added\": {}}]"}}, {"model": "admin.logentry", "pk": 50, "fields": {"action_time": "2019-06-03T15:13:33.803Z", "user": 1, "content_type": 10, "object_id": "2", "object_repr": "Segundo problema (2)", "action_flag": 2, "change_message": "[{\"changed\": {\"fields\": [\"retorno_descripcion\"]}}]"}}, {"model": "admin.logentry", "pk": 51, "fields": {"action_time": "2019-06-03T15:17:29.505Z", "user": 1, "content_type": 23, "object_id": "6", "object_repr": "Funciones", "action_flag": 1, "change_message": "[{\"added\": {}}]"}}, {"model": "admin.logentry", "pk": 52, "fields": {"action_time": "2019-06-03T15:17:50.126Z", "user": 1, "content_type": 23, "object_id": "7", "object_repr": "Dividir y Conquistar", "action_flag": 1, "change_message": "[{\"added\": {}}]"}}, {"model": "admin.logentry", "pk": 53, "fields": {"action_time": "2019-06-03T15:18:06.821Z", "user": 1, "content_type": 23, "object_id": "8", "object_repr": "Geometr\u00eda", "action_flag": 1, "change_message": "[{\"added\": {}}]"}}, {"model": "admin.logentry", "pk": 54, "fields": {"action_time": "2019-06-03T15:18:23.616Z", "user": 1, "content_type": 10, "object_id": "1", "object_repr": "Primer problema (1)", "action_flag": 2, "change_message": "[{\"changed\": {\"fields\": [\"tags\"]}}]"}}, {"model": "admin.logentry", "pk": 55, "fields": {"action_time": "2019-06-05T13:57:02.293Z", "user": 1, "content_type": 9, "object_id": "3", "object_repr": "3: Juan Perez Perez-->Primer problema (2019-06-02 21:08:34.610409+00:00)", "action_flag": 2, "change_message": "[]"}}, {"model": "admin.logentry", "pk": 56, "fields": {"action_time": "2019-06-05T13:57:07.556Z", "user": 1, "content_type": 9, "object_id": "3", "object_repr": "3: Juan Perez Perez-->Primer problema (2019-06-02 21:08:34.610409+00:00)", "action_flag": 2, "change_message": "[{\"changed\": {\"fields\": [\"estado\"]}}]"}}, {"model": "admin.logentry", "pk": 57, "fields": {"action_time": "2019-06-05T20:46:44.171Z", "user": 1, "content_type": 9, "object_id": "2", "object_repr": "2: Juan Perez Perez-->Primer problema (2019-06-02 21:08:21.550382+00:00)", "action_flag": 2, "change_message": "[{\"changed\": {\"fields\": [\"estado\"]}}]"}}, {"model": "admin.logentry", "pk": 58, "fields": {"action_time": "2019-06-05T20:46:55.057Z", "user": 1, "content_type": 9, "object_id": "1", "object_repr": "1: Juan Perez Perez-->Primer problema (2019-06-02 21:06:48.720693+00:00)", "action_flag": 2, "change_message": "[{\"changed\": {\"fields\": [\"estado\"]}}]"}}, {"model": "admin.logentry", "pk": 59, "fields": {"action_time": "2019-06-05T20:46:59.369Z", "user": 1, "content_type": 9, "object_id": "2", "object_repr": "2: Juan Perez Perez-->Primer problema (2019-06-02 21:08:21.550382+00:00)", "action_flag": 2, "change_message": "[{\"changed\": {\"fields\": [\"estado\"]}}]"}}, {"model": "admin.logentry", "pk": 60, "fields": {"action_time": "2019-06-05T20:47:02.946Z", "user": 1, "content_type": 9, "object_id": "3", "object_repr": "3: Juan Perez Perez-->Primer problema (2019-06-02 21:08:34.610409+00:00)", "action_flag": 2, "change_message": "[{\"changed\": {\"fields\": [\"estado\"]}}]"}}, {"model": "admin.logentry", "pk": 61, "fields": {"action_time": "2019-06-07T16:22:36.421Z", "user": 1, "content_type": 11, "object_id": "1", "object_repr": "Primer problema (1) - 1: Prueba b\u00e1sica", "action_flag": 1, "change_message": "[{\"added\": {}}]"}}, {"model": "admin.logentry", "pk": 62, "fields": {"action_time": "2019-06-07T16:33:39.588Z", "user": 1, "content_type": 12, "object_id": "2", "object_repr": "autor (PR)", "action_flag": 1, "change_message": "[{\"added\": {}}]"}}, {"model": "admin.logentry", "pk": 63, "fields": {"action_time": "2019-06-07T16:40:58.309Z", "user": 1, "content_type": 10, "object_id": "3", "object_repr": "Contar aparciones en lista (3)", "action_flag": 1, "change_message": "[{\"added\": {}}]"}}, {"model": "admin.logentry", "pk": 64, "fields": {"action_time": "2019-06-07T16:42:21.062Z", "user": 1, "content_type": 24, "object_id": "4", "object_repr": "lista_elementos: list", "action_flag": 1, "change_message": "[{\"added\": {}}]"}}, {"model": "admin.logentry", "pk": 65, "fields": {"action_time": "2019-06-07T16:44:18.876Z", "user": 1, "content_type": 24, "object_id": "5", "object_repr": "elemento_buscado: int", "action_flag": 1, "change_message": "[{\"added\": {}}]"}}, {"model": "admin.logentry", "pk": 66, "fields": {"action_time": "2019-06-07T16:44:23.320Z", "user": 1, "content_type": 24, "object_id": "4", "object_repr": "lista_elementos: list", "action_flag": 2, "change_message": "[]"}}, {"model": "admin.logentry", "pk": 67, "fields": {"action_time": "2019-06-07T16:45:02.663Z", "user": 1, "content_type": 10, "object_id": "3", "object_repr": "Contar aparciones en lista (3)", "action_flag": 2, "change_message": "[{\"changed\": {\"fields\": [\"descripcion\", \"retorno_descripcion\"]}}]"}}, {"model": "admin.logentry", "pk": 68, "fields": {"action_time": "2019-06-07T16:46:06.051Z", "user": 1, "content_type": 11, "object_id": "2", "object_repr": "Contar aparciones en lista (3) - 1: Prueba sencilla", "action_flag": 1, "change_message": "[{\"added\": {}}]"}}, {"model": "admin.logentry", "pk": 69, "fields": {"action_time": "2019-06-07T16:47:20.573Z", "user": 1, "content_type": 11, "object_id": "3", "object_repr": "Contar aparciones en lista (3) - 2: El elemento no existe", "action_flag": 1, "change_message": "[{\"added\": {}}]"}}, {"model": "admin.logentry", "pk": 70, "fields": {"action_time": "2019-06-07T16:47:57.652Z", "user": 1, "content_type": 11, "object_id": "4", "object_repr": "Contar aparciones en lista (3) - 3: Prueba m\u00faltiples apariciones", "action_flag": 1, "change_message": "[{\"added\": {}}]"}}, {"model": "admin.logentry", "pk": 71, "fields": {"action_time": "2019-06-07T16:48:49.685Z", "user": 1, "content_type": 11, "object_id": "5", "object_repr": "Contar aparciones en lista (3) - 1: Lista vac\u00eda", "action_flag": 1, "change_message": "[{\"added\": {}}]"}}, {"model": "admin.logentry", "pk": 72, "fields": {"action_time": "2019-06-07T16:49:28.939Z", "user": 1, "content_type": 11, "object_id": "2", "object_repr": "Contar aparciones en lista (3) - 1: Prueba una aparici\u00f3n", "action_flag": 2, "change_message": "[{\"changed\": {\"fields\": [\"descripcion\", \"comentario_ok\", \"comentario_error\"]}}]"}}, {"model": "admin.logentry", "pk": 73, "fields": {"action_time": "2019-06-07T16:49:39.719Z", "user": 1, "content_type": 11, "object_id": "5", "object_repr": "Contar aparciones en lista (3) - 1: Lista vac\u00eda", "action_flag": 2, "change_message": "[]"}}, {"model": "admin.logentry", "pk": 74, "fields": {"action_time": "2019-06-07T16:50:01.574Z", "user": 1, "content_type": 11, "object_id": "5", "object_repr": "Contar aparciones en lista (3) - 4: Lista vac\u00eda", "action_flag": 2, "change_message": "[{\"changed\": {\"fields\": [\"numero\"]}}]"}}, {"model": "admin.logentry", "pk": 75, "fields": {"action_time": "2019-06-07T16:51:30.696Z", "user": 1, "content_type": 22, "object_id": "3", "object_repr": "Contar aparciones en lista - Juan Perez Perez - 2019-06-07 16:51:28+00:00", "action_flag": 1, "change_message": "[{\"added\": {}}]"}}, {"model": "admin.logentry", "pk": 76, "fields": {"action_time": "2019-06-07T16:51:34.082Z", "user": 1, "content_type": 9, "object_id": "4", "object_repr": "1: Juan Perez Perez-->Contar aparciones en lista (2019-06-07 16:51:34.081191+00:00)", "action_flag": 1, "change_message": "[{\"added\": {}}]"}}, {"model": "admin.logentry", "pk": 77, "fields": {"action_time": "2019-06-07T17:16:09.155Z", "user": 1, "content_type": 14, "object_id": "1", "object_repr": "ResultadoPrueba object (1)", "action_flag": 1, "change_message": "[{\"added\": {}}]"}}, {"model": "admin.logentry", "pk": 78, "fields": {"action_time": "2019-06-07T17:16:26.905Z", "user": 1, "content_type": 14, "object_id": "2", "object_repr": "ResultadoPrueba object (2)", "action_flag": 1, "change_message": "[{\"added\": {}}]"}}, {"model": "admin.logentry", "pk": 79, "fields": {"action_time": "2019-06-07T17:17:24.715Z", "user": 1, "content_type": 14, "object_id": "3", "object_repr": "ResultadoPrueba object (3)", "action_flag": 1, "change_message": "[{\"added\": {}}]"}}, {"model": "admin.logentry", "pk": 80, "fields": {"action_time": "2019-06-07T17:17:47.020Z", "user": 1, "content_type": 14, "object_id": "4", "object_repr": "ResultadoPrueba object (4)", "action_flag": 1, "change_message": "[{\"added\": {}}]"}}, {"model": "admin.logentry", "pk": 81, "fields": {"action_time": "2019-06-07T17:54:49.684Z", "user": 1, "content_type": 11, "object_id": "3", "object_repr": "Contar aparciones en lista - 2: El elemento no existe", "action_flag": 2, "change_message": "[{\"changed\": {\"fields\": [\"comentario_ok\"]}}]"}}, {"model": "admin.logentry", "pk": 82, "fields": {"action_time": "2019-06-07T17:58:58.996Z", "user": 1, "content_type": 22, "object_id": "2", "object_repr": "Segundo problema - Juan Perez Perez - 2019-06-02 22:44:01+00:00", "action_flag": 3, "change_message": ""}}, {"model": "admin.logentry", "pk": 83, "fields": {"action_time": "2019-06-07T17:59:16.728Z", "user": 1, "content_type": 10, "object_id": "3", "object_repr": "Contar apariciones en lista (3)", "action_flag": 2, "change_message": "[{\"changed\": {\"fields\": [\"titulo\"]}}]"}}, {"model": "admin.logentry", "pk": 84, "fields": {"action_time": "2019-06-07T18:05:11.425Z", "user": 1, "content_type": 9, "object_id": "3", "object_repr": "Juan Perez Perez: Primer problema - 3: NU 0.0", "action_flag": 2, "change_message": "[{\"changed\": {\"fields\": [\"avance\"]}}]"}}, {"model": "admin.logentry", "pk": 85, "fields": {"action_time": "2019-06-07T18:05:26.009Z", "user": 1, "content_type": 9, "object_id": "3", "object_repr": "Juan Perez Perez: Primer problema - 3: OK 100.0", "action_flag": 2, "change_message": "[{\"changed\": {\"fields\": [\"avance\", \"estado\"]}}]"}}, {"model": "admin.logentry", "pk": 86, "fields": {"action_time": "2019-06-07T18:05:30.379Z", "user": 1, "content_type": 9, "object_id": "2", "object_repr": "Juan Perez Perez: Primer problema - 2: ER 20.0", "action_flag": 2, "change_message": "[{\"changed\": {\"fields\": [\"estado\"]}}]"}}, {"model": "admin.logentry", "pk": 87, "fields": {"action_time": "2019-06-07T18:05:33.876Z", "user": 1, "content_type": 9, "object_id": "1", "object_repr": "Juan Perez Perez: Primer problema - 1: ER 0.0", "action_flag": 2, "change_message": "[]"}}, {"model": "admin.logentry", "pk": 88, "fields": {"action_time": "2019-06-07T18:14:45.850Z", "user": 1, "content_type": 17, "object_id": "16", "object_repr": "ComentarioPregunta object (16)", "action_flag": 2, "change_message": "[{\"changed\": {\"fields\": [\"autor\"]}}]"}}, {"model": "admin.logentry", "pk": 89, "fields": {"action_time": "2019-06-08T02:07:53.856Z", "user": 1, "content_type": 26, "object_id": "1", "object_repr": "Notificacion object (1)", "action_flag": 1, "change_message": "[{\"added\": {}}]"}}, {"model": "admin.logentry", "pk": 90, "fields": {"action_time": "2019-06-08T21:59:25.081Z", "user": 1, "content_type": 9, "object_id": "4", "object_repr": "Juan Perez Perez: Contar apariciones en lista - 1: ER 50.0", "action_flag": 2, "change_message": "[{\"changed\": {\"fields\": [\"contenido\"]}}]"}}, {"model": "admin.logentry", "pk": 91, "fields": {"action_time": "2019-06-08T22:04:15.752Z", "user": 1, "content_type": 9, "object_id": "4", "object_repr": "Juan Perez Perez: Contar apariciones en lista - 1: ER 50.0", "action_flag": 2, "change_message": "[{\"changed\": {\"fields\": [\"contenido\"]}}]"}}, {"model": "admin.logentry", "pk": 92, "fields": {"action_time": "2019-06-08T22:04:19.985Z", "user": 1, "content_type": 9, "object_id": "4", "object_repr": "Juan Perez Perez: Contar apariciones en lista - 1: ER 50.0", "action_flag": 2, "change_message": "[]"}}, {"model": "admin.logentry", "pk": 93, "fields": {"action_time": "2019-06-09T16:20:10.034Z", "user": 1, "content_type": 17, "object_id": "17", "object_repr": "ComentarioPregunta object (17)", "action_flag": 1, "change_message": "[{\"added\": {}}]"}}, {"model": "admin.logentry", "pk": 94, "fields": {"action_time": "2019-06-09T16:23:08.415Z", "user": 1, "content_type": 17, "object_id": "17", "object_repr": "ComentarioPregunta object (17)", "action_flag": 2, "change_message": "[{\"changed\": {\"fields\": [\"contenido\"]}}]"}}, {"model": "admin.logentry", "pk": 95, "fields": {"action_time": "2019-06-09T16:25:15.072Z", "user": 1, "content_type": 17, "object_id": "18", "object_repr": "ComentarioPregunta object (18)", "action_flag": 1, "change_message": "[{\"added\": {}}]"}}, {"model": "admin.logentry", "pk": 96, "fields": {"action_time": "2019-06-09T16:25:52.816Z", "user": 1, "content_type": 17, "object_id": "19", "object_repr": "ComentarioPregunta object (19)", "action_flag": 1, "change_message": "[{\"added\": {}}]"}}, {"model": "admin.logentry", "pk": 97, "fields": {"action_time": "2019-06-09T16:26:17.453Z", "user": 1, "content_type": 17, "object_id": "19", "object_repr": "ComentarioPregunta object (19)", "action_flag": 2, "change_message": "[{\"changed\": {\"fields\": [\"titulo\", \"contenido\"]}}]"}}, {"model": "admin.logentry", "pk": 98, "fields": {"action_time": "2019-06-09T16:27:41.705Z", "user": 1, "content_type": 17, "object_id": "20", "object_repr": "ComentarioPregunta object (20)", "action_flag": 1, "change_message": "[{\"added\": {}}]"}}, {"model": "admin.logentry", "pk": 99, "fields": {"action_time": "2019-06-09T16:28:58.489Z", "user": 1, "content_type": 17, "object_id": "20", "object_repr": "ComentarioPregunta object (20)", "action_flag": 2, "change_message": "[]"}}, {"model": "admin.logentry", "pk": 100, "fields": {"action_time": "2019-06-09T16:29:19.175Z", "user": 1, "content_type": 17, "object_id": "20", "object_repr": "ComentarioPregunta object (20)", "action_flag": 2, "change_message": "[{\"changed\": {\"fields\": [\"contenido\"]}}]"}}, {"model": "admin.logentry", "pk": 101, "fields": {"action_time": "2019-06-09T16:30:12.932Z", "user": 1, "content_type": 17, "object_id": "20", "object_repr": "ComentarioPregunta object (20)", "action_flag": 2, "change_message": "[]"}}, {"model": "admin.logentry", "pk": 102, "fields": {"action_time": "2019-06-09T16:30:14.992Z", "user": 1, "content_type": 17, "object_id": "20", "object_repr": "ComentarioPregunta object (20)", "action_flag": 2, "change_message": "[]"}}, {"model": "admin.logentry", "pk": 103, "fields": {"action_time": "2019-06-09T16:30:26.616Z", "user": 1, "content_type": 17, "object_id": "20", "object_repr": "ComentarioPregunta object (20)", "action_flag": 2, "change_message": "[]"}}, {"model": "admin.logentry", "pk": 104, "fields": {"action_time": "2019-06-09T16:30:38.218Z", "user": 1, "content_type": 17, "object_id": "21", "object_repr": "ComentarioPregunta object (21)", "action_flag": 1, "change_message": "[{\"added\": {}}]"}}, {"model": "admin.logentry", "pk": 105, "fields": {"action_time": "2019-06-09T16:30:48.510Z", "user": 1, "content_type": 17, "object_id": "21", "object_repr": "ComentarioPregunta object (21)", "action_flag": 2, "change_message": "[{\"changed\": {\"fields\": [\"contenido\", \"pregunta\"]}}]"}}, {"model": "admin.logentry", "pk": 106, "fields": {"action_time": "2019-06-09T19:30:21.924Z", "user": 1, "content_type": 17, "object_id": "1", "object_repr": "ComentarioPregunta object (1)", "action_flag": 2, "change_message": "[{\"changed\": {\"fields\": [\"titulo\"]}}]"}}, {"model": "admin.logentry", "pk": 107, "fields": {"action_time": "2019-06-09T21:03:32.162Z", "user": 1, "content_type": 26, "object_id": "2", "object_repr": "Notificacion object (2)", "action_flag": 1, "change_message": "[{\"added\": {}}]"}}, {"model": "admin.logentry", "pk": 108, "fields": {"action_time": "2019-06-09T21:53:19.903Z", "user": 1, "content_type": 9, "object_id": "4", "object_repr": "Juan Perez Perez: Contar apariciones en lista - 1: ER 50.0", "action_flag": 2, "change_message": "[]"}}, {"model": "admin.logentry", "pk": 109, "fields": {"action_time": "2019-06-09T23:29:16.614Z", "user": 1, "content_type": 27, "object_id": "1", "object_repr": "Medalla: Ayudante - Bronce", "action_flag": 1, "change_message": "[{\"added\": {}}]"}}, {"model": "admin.logentry", "pk": 110, "fields": {"action_time": "2019-06-09T23:29:28.254Z", "user": 1, "content_type": 27, "object_id": "2", "object_repr": "Medalla: Super Ayudante - Plata", "action_flag": 1, "change_message": "[{\"added\": {}}]"}}, {"model": "admin.logentry", "pk": 111, "fields": {"action_time": "2019-06-09T23:29:49.969Z", "user": 1, "content_type": 27, "object_id": "3", "object_repr": "Medalla: Ayudante Incre\u00edble - Oro", "action_flag": 1, "change_message": "[{\"added\": {}}]"}}, {"model": "admin.logentry", "pk": 112, "fields": {"action_time": "2019-06-09T23:30:00.165Z", "user": 1, "content_type": 28, "object_id": "1", "object_repr": "Juan Perez Perez --> Medalla: Ayudante - Bronce", "action_flag": 1, "change_message": "[{\"added\": {}}]"}}, {"model": "admin.logentry", "pk": 113, "fields": {"action_time": "2019-06-10T03:57:38.845Z", "user": 1, "content_type": 27, "object_id": "1", "object_repr": "Medalla: Gran Ayudante - Bronce", "action_flag": 2, "change_message": "[{\"changed\": {\"fields\": [\"nombre\"]}}]"}}, {"model": "admin.logentry", "pk": 114, "fields": {"action_time": "2019-06-10T03:57:48.833Z", "user": 1, "content_type": 27, "object_id": "2", "object_repr": "Medalla: Ayudante dedicado - Plata", "action_flag": 2, "change_message": "[{\"changed\": {\"fields\": [\"nombre\"]}}]"}}, {"model": "admin.logentry", "pk": 115, "fields": {"action_time": "2019-06-10T03:58:48.077Z", "user": 1, "content_type": 27, "object_id": "4", "object_repr": "Medalla: Autobiografo - Plata", "action_flag": 1, "change_message": "[{\"added\": {}}]"}}, {"model": "admin.logentry", "pk": 116, "fields": {"action_time": "2019-06-10T03:59:13.725Z", "user": 1, "content_type": 27, "object_id": "5", "object_repr": "Medalla: Narciso - Oro", "action_flag": 1, "change_message": "[{\"added\": {}}]"}}, {"model": "admin.logentry", "pk": 117, "fields": {"action_time": "2019-06-10T03:59:27.245Z", "user": 1, "content_type": 28, "object_id": "2", "object_repr": "Juan Perez Perez --> Medalla: Autobiografo - Plata", "action_flag": 1, "change_message": "[{\"added\": {}}]"}}, {"model": "admin.logentry", "pk": 118, "fields": {"action_time": "2019-06-10T03:59:32.337Z", "user": 1, "content_type": 28, "object_id": "3", "object_repr": "Juan Perez Perez --> Medalla: Narciso - Oro", "action_flag": 1, "change_message": "[{\"added\": {}}]"}}, {"model": "admin.logentry", "pk": 119, "fields": {"action_time": "2019-06-10T04:01:45.245Z", "user": 1, "content_type": 27, "object_id": "4", "object_repr": "Medalla: Autobi\u00f3grafo - Plata", "action_flag": 2, "change_message": "[{\"changed\": {\"fields\": [\"nombre\"]}}]"}}, {"model": "admin.logentry", "pk": 120, "fields": {"action_time": "2019-06-10T13:36:37.490Z", "user": 1, "content_type": 12, "object_id": "1", "object_repr": "usuario.uniandes (ES)", "action_flag": 2, "change_message": "[{\"changed\": {\"fields\": [\"medallas\"]}}]"}}, {"model": "admin.logentry", "pk": 121, "fields": {"action_time": "2019-06-10T13:36:57.936Z", "user": 1, "content_type": 12, "object_id": "1", "object_repr": "usuario.uniandes (ES)", "action_flag": 2, "change_message": "[{\"changed\": {\"fields\": [\"puntos\"]}}]"}}, {"model": "admin.logentry", "pk": 122, "fields": {"action_time": "2019-06-10T21:38:30.502Z", "user": 1, "content_type": 24, "object_id": "4", "object_repr": "lista_elementos: list", "action_flag": 2, "change_message": "[{\"changed\": {\"fields\": [\"posicion\"]}}]"}}, {"model": "admin.logentry", "pk": 123, "fields": {"action_time": "2019-06-12T00:45:22.955Z", "user": 1, "content_type": 34, "object_id": "1", "object_repr": "Tarea object (1)", "action_flag": 1, "change_message": "[{\"added\": {}}]"}}, {"model": "admin.logentry", "pk": 124, "fields": {"action_time": "2019-06-12T01:16:21.943Z", "user": 1, "content_type": 33, "object_id": "1", "object_repr": "ResultadoTarea object (1)", "action_flag": 2, "change_message": "[{\"changed\": {\"fields\": [\"avance\"]}}]"}}, {"model": "admin.logentry", "pk": 125, "fields": {"action_time": "2019-06-12T23:04:45.578Z", "user": 1, "content_type": 9, "object_id": "4", "object_repr": "Juan Perez Perez: Contar apariciones en lista - 1: ER 50.0", "action_flag": 2, "change_message": "[{\"changed\": {\"fields\": [\"slug\"]}}]"}}, {"model": "admin.logentry", "pk": 126, "fields": {"action_time": "2019-06-12T23:04:50.514Z", "user": 1, "content_type": 9, "object_id": "3", "object_repr": "Juan Perez Perez: Primer problema - 3: OK 100.0", "action_flag": 2, "change_message": "[{\"changed\": {\"fields\": [\"slug\"]}}]"}}, {"model": "admin.logentry", "pk": 127, "fields": {"action_time": "2019-06-12T23:04:55.678Z", "user": 1, "content_type": 9, "object_id": "2", "object_repr": "Juan Perez Perez: Primer problema - 2: ER 20.0", "action_flag": 2, "change_message": "[{\"changed\": {\"fields\": [\"slug\"]}}]"}}, {"model": "admin.logentry", "pk": 128, "fields": {"action_time": "2019-06-12T23:05:01.608Z", "user": 1, "content_type": 9, "object_id": "1", "object_repr": "Juan Perez Perez: Primer problema - 1: ER 0.0", "action_flag": 2, "change_message": "[{\"changed\": {\"fields\": [\"slug\"]}}]"}}, {"model": "admin.logentry", "pk": 129, "fields": {"action_time": "2019-06-12T23:05:34.842Z", "user": 1, "content_type": 10, "object_id": "3", "object_repr": "Contar apariciones en lista (3)", "action_flag": 2, "change_message": "[{\"changed\": {\"fields\": [\"slug\"]}}]"}}, {"model": "admin.logentry", "pk": 130, "fields": {"action_time": "2019-06-12T23:05:42.200Z", "user": 1, "content_type": 10, "object_id": "2", "object_repr": "Segundo problema (2)", "action_flag": 2, "change_message": "[{\"changed\": {\"fields\": [\"slug\"]}}]"}}, {"model": "admin.logentry", "pk": 131, "fields": {"action_time": "2019-06-12T23:05:48.010Z", "user": 1, "content_type": 10, "object_id": "1", "object_repr": "Primer problema (1)", "action_flag": 2, "change_message": "[{\"changed\": {\"fields\": [\"slug\"]}}]"}}, {"model": "admin.logentry", "pk": 132, "fields": {"action_time": "2019-06-12T23:11:36.310Z", "user": 1, "content_type": 22, "object_id": "3", "object_repr": "Contar apariciones en lista - Juan Perez Perez - 2019-06-07 16:51:28+00:00", "action_flag": 2, "change_message": "[{\"changed\": {\"fields\": [\"ultimo_envio\"]}}]"}}, {"model": "admin.logentry", "pk": 133, "fields": {"action_time": "2019-06-12T23:11:42.001Z", "user": 1, "content_type": 22, "object_id": "1", "object_repr": "Primer problema - Juan Perez Perez - 2019-06-02 21:29:04+00:00", "action_flag": 2, "change_message": "[{\"changed\": {\"fields\": [\"ultimo_envio\"]}}]"}}, {"model": "admin.logentry", "pk": 134, "fields": {"action_time": "2019-06-12T23:25:06.373Z", "user": 1, "content_type": 34, "object_id": "1", "object_repr": "Tarea object (1)", "action_flag": 2, "change_message": "[{\"changed\": {\"fields\": [\"problemas\"]}}]"}}, {"model": "admin.logentry", "pk": 135, "fields": {"action_time": "2019-06-12T23:25:25.988Z", "user": 1, "content_type": 34, "object_id": "1", "object_repr": "Tarea object (1)", "action_flag": 2, "change_message": "[]"}}, {"model": "admin.logentry", "pk": 136, "fields": {"action_time": "2019-06-12T23:25:30.359Z", "user": 1, "content_type": 34, "object_id": "1", "object_repr": "Tarea object (1)", "action_flag": 2, "change_message": "[]"}}, {"model": "admin.logentry", "pk": 137, "fields": {"action_time": "2019-06-12T23:41:00.879Z", "user": 1, "content_type": 34, "object_id": "1", "object_repr": "Tarea object (1)", "action_flag": 2, "change_message": "[{\"changed\": {\"fields\": [\"problemas\"]}}]"}}, {"model": "admin.logentry", "pk": 138, "fields": {"action_time": "2019-06-12T23:41:34.428Z", "user": 1, "content_type": 34, "object_id": "2", "object_repr": "Tarea object (2)", "action_flag": 1, "change_message": "[{\"added\": {}}]"}}, {"model": "admin.logentry", "pk": 139, "fields": {"action_time": "2019-06-13T21:46:07.184Z", "user": 1, "content_type": 9, "object_id": "6", "object_repr": "Juan Perez Perez: Contar apariciones en lista - 3: NU 0.0", "action_flag": 2, "change_message": "[{\"changed\": {\"fields\": [\"resultado_estudiante\"]}}]"}}, {"model": "admin.logentry", "pk": 140, "fields": {"action_time": "2019-06-13T21:46:11.418Z", "user": 1, "content_type": 9, "object_id": "5", "object_repr": "Juan Perez Perez: Contar apariciones en lista - 2: NU 0.0", "action_flag": 2, "change_message": "[{\"changed\": {\"fields\": [\"resultado_estudiante\"]}}]"}}, {"model": "admin.logentry", "pk": 141, "fields": {"action_time": "2019-06-14T15:50:33.190Z", "user": 1, "content_type": 9, "object_id": "3", "object_repr": "Juan Perez Perez: Primer problema - 3: OK 99.0", "action_flag": 2, "change_message": "[{\"changed\": {\"fields\": [\"avance\"]}}]"}}, {"model": "admin.logentry", "pk": 142, "fields": {"action_time": "2019-06-14T15:50:53.663Z", "user": 1, "content_type": 9, "object_id": "3", "object_repr": "Juan Perez Perez: Primer problema - 3: OK 100.0", "action_flag": 2, "change_message": "[{\"changed\": {\"fields\": [\"avance\"]}}]"}}, {"model": "admin.logentry", "pk": 143, "fields": {"action_time": "2019-06-14T20:52:40.204Z", "user": 1, "content_type": 22, "object_id": "3", "object_repr": "Contar apariciones en lista - Juan Perez Perez - 2019-06-07 16:51:28+00:00", "action_flag": 2, "change_message": "[]"}}, {"model": "admin.logentry", "pk": 144, "fields": {"action_time": "2019-06-14T21:01:49.058Z", "user": 1, "content_type": 9, "object_id": "8", "object_repr": "Juan Perez Perez: Contar apariciones en lista - 5: NU 0.0", "action_flag": 3, "change_message": ""}}, {"model": "admin.logentry", "pk": 145, "fields": {"action_time": "2019-06-14T21:01:49.060Z", "user": 1, "content_type": 9, "object_id": "7", "object_repr": "Juan Perez Perez: Contar apariciones en lista - 4: NU 0.0", "action_flag": 3, "change_message": ""}}, {"model": "admin.logentry", "pk": 146, "fields": {"action_time": "2019-06-14T21:01:49.062Z", "user": 1, "content_type": 9, "object_id": "6", "object_repr": "Juan Perez Perez: Contar apariciones en lista - 3: NU 0.0", "action_flag": 3, "change_message": ""}}, {"model": "admin.logentry", "pk": 147, "fields": {"action_time": "2019-06-14T21:01:49.065Z", "user": 1, "content_type": 9, "object_id": "5", "object_repr": "Juan Perez Perez: Contar apariciones en lista - 2: NU 0.0", "action_flag": 3, "change_message": ""}}, {"model": "admin.logentry", "pk": 148, "fields": {"action_time": "2019-06-14T21:02:04.260Z", "user": 1, "content_type": 22, "object_id": "3", "object_repr": "Contar apariciones en lista - Juan Perez Perez - 2019-06-07 16:51:28+00:00", "action_flag": 2, "change_message": "[{\"changed\": {\"fields\": [\"ultimo_envio\"]}}]"}}, {"model": "admin.logentry", "pk": 149, "fields": {"action_time": "2019-06-14T23:15:14.836Z", "user": 1, "content_type": 12, "object_id": "5", "object_repr": "monitor1 (MO)", "action_flag": 2, "change_message": "[{\"changed\": {\"fields\": [\"tipo\"]}}]"}}, {"model": "admin.logentry", "pk": 150, "fields": {"action_time": "2019-06-15T00:01:35.590Z", "user": 1, "content_type": 12, "object_id": "1", "object_repr": "usuario.uniandes (ES)", "action_flag": 2, "change_message": "[{\"changed\": {\"fields\": [\"password\"]}}]"}}, {"model": "admin.logentry", "pk": 151, "fields": {"action_time": "2019-06-15T00:17:07.342Z", "user": 1, "content_type": 12, "object_id": "5", "object_repr": "monitor1 (MO)", "action_flag": 2, "change_message": "[{\"changed\": {\"fields\": [\"nombre\"]}}]"}}, {"model": "admin.logentry", "pk": 152, "fields": {"action_time": "2019-06-15T00:18:14.114Z", "user": 1, "content_type": 12, "object_id": "1", "object_repr": "mario (ES)", "action_flag": 2, "change_message": "[{\"changed\": {\"fields\": [\"login\"]}}]"}}, {"model": "admin.logentry", "pk": 153, "fields": {"action_time": "2019-06-15T00:56:02.279Z", "user": 1, "content_type": 12, "object_id": "7", "object_repr": "prof1 (PR)", "action_flag": 3, "change_message": ""}}, {"model": "admin.logentry", "pk": 154, "fields": {"action_time": "2019-06-15T00:56:02.282Z", "user": 1, "content_type": 12, "object_id": "6", "object_repr": "admin1 (AD)", "action_flag": 3, "change_message": ""}}, {"model": "admin.logentry", "pk": 155, "fields": {"action_time": "2019-06-15T00:56:02.284Z", "user": 1, "content_type": 12, "object_id": "5", "object_repr": "monitor1 (MO)", "action_flag": 3, "change_message": ""}}, {"model": "admin.logentry", "pk": 156, "fields": {"action_time": "2019-06-15T00:56:02.286Z", "user": 1, "content_type": 12, "object_id": "4", "object_repr": "est1 (ES)", "action_flag": 3, "change_message": ""}}, {"model": "admin.logentry", "pk": 157, "fields": {"action_time": "2019-06-15T00:56:02.288Z", "user": 1, "content_type": 12, "object_id": "3", "object_repr": "autor1 (PR)", "action_flag": 3, "change_message": ""}}, {"model": "admin.logentry", "pk": 158, "fields": {"action_time": "2019-06-15T01:32:40.605Z", "user": 1, "content_type": 21, "object_id": "9", "object_repr": "est1 -- DEPT-1234 - 201920: 1", "action_flag": 2, "change_message": "[{\"changed\": {\"fields\": [\"seccion\"]}}]"}}, {"model": "admin.logentry", "pk": 159, "fields": {"action_time": "2019-06-15T01:33:20.500Z", "user": 1, "content_type": 9, "object_id": "9", "object_repr": "Francis Goldman: Primer problema - 1: NU 100.0", "action_flag": 2, "change_message": "[{\"changed\": {\"fields\": [\"avance\"]}}]"}}, {"model": "admin.logentry", "pk": 160, "fields": {"action_time": "2019-06-15T01:35:19.597Z", "user": 1, "content_type": 9, "object_id": "9", "object_repr": "Francis Goldman: Primer problema - 1: OK 100.0", "action_flag": 2, "change_message": "[{\"changed\": {\"fields\": [\"estado\"]}}]"}}, {"model": "admin.logentry", "pk": 161, "fields": {"action_time": "2019-06-15T01:36:39.456Z", "user": 1, "content_type": 22, "object_id": "5", "object_repr": "Primer problema - Francis Goldman - 2019-06-15 01:36:33+00:00", "action_flag": 2, "change_message": "[{\"changed\": {\"fields\": [\"resuelto\", \"ultimo_intento\"]}}]"}}, {"model": "admin.logentry", "pk": 162, "fields": {"action_time": "2019-06-15T15:47:09.825Z", "user": 1, "content_type": 20, "object_id": "10", "object_repr": "monitor1 (MO)", "action_flag": 2, "change_message": "[{\"changed\": {\"fields\": [\"nombre\"]}}]"}}, {"model": "admin.logentry", "pk": 163, "fields": {"action_time": "2019-06-15T16:39:42.949Z", "user": 1, "content_type": 9, "object_id": "11", "object_repr": "Francis Goldman: Segundo problema - 1: NU 0.0", "action_flag": 2, "change_message": "[{\"changed\": {\"fields\": [\"slug\"]}}]"}}, {"model": "admin.logentry", "pk": 164, "fields": {"action_time": "2019-06-15T16:39:47.617Z", "user": 1, "content_type": 9, "object_id": "10", "object_repr": "Francis Goldman: Segundo problema - 1: NU 0.0", "action_flag": 2, "change_message": "[{\"changed\": {\"fields\": [\"slug\"]}}]"}}, {"model": "admin.logentry", "pk": 165, "fields": {"action_time": "2019-06-15T17:39:23.495Z", "user": 1, "content_type": 13, "object_id": "2", "object_repr": "DEPT-1234 - 201920: 2", "action_flag": 1, "change_message": "[{\"added\": {}}]"}}, {"model": "admin.logentry", "pk": 166, "fields": {"action_time": "2019-06-15T17:39:52.289Z", "user": 1, "content_type": 21, "object_id": "9", "object_repr": "est1 -- DEPT-1234 - 201920: 2", "action_flag": 2, "change_message": "[{\"changed\": {\"fields\": [\"seccion\"]}}]"}}, {"model": "admin.logentry", "pk": 167, "fields": {"action_time": "2019-06-15T17:41:54.333Z", "user": 1, "content_type": 21, "object_id": "9", "object_repr": "est1 -- DEPT-1234 - 201920: 1", "action_flag": 2, "change_message": "[{\"changed\": {\"fields\": [\"seccion\"]}}]"}}, {"model": "admin.logentry", "pk": 168, "fields": {"action_time": "2019-06-15T17:41:58.255Z", "user": 1, "content_type": 21, "object_id": "1", "object_repr": "mario -- DEPT-1234 - 201920: 2", "action_flag": 2, "change_message": "[{\"changed\": {\"fields\": [\"seccion\"]}}]"}}, {"model": "admin.logentry", "pk": 169, "fields": {"action_time": "2019-06-15T17:42:21.981Z", "user": 1, "content_type": 21, "object_id": "1", "object_repr": "mario -- DEPT-1234 - 201920: 1", "action_flag": 2, "change_message": "[{\"changed\": {\"fields\": [\"seccion\"]}}]"}}, {"model": "admin.logentry", "pk": 170, "fields": {"action_time": "2019-06-16T04:20:04.704Z", "user": 1, "content_type": 19, "object_id": "8", "object_repr": "prof1 (PR)", "action_flag": 2, "change_message": "[{\"changed\": {\"fields\": [\"secciones\"]}}]"}}, {"model": "admin.logentry", "pk": 171, "fields": {"action_time": "2019-06-16T17:19:38.327Z", "user": 1, "content_type": 21, "object_id": "9", "object_repr": "est1 -- DEPT-1234 - 201920: 1", "action_flag": 2, "change_message": "[{\"changed\": {\"fields\": [\"pulso_actividad\", \"pulso_puntos\"]}}]"}}, {"model": "admin.logentry", "pk": 172, "fields": {"action_time": "2019-06-16T17:20:59.984Z", "user": 1, "content_type": 21, "object_id": "1", "object_repr": "mario -- DEPT-1234 - 201920: 1", "action_flag": 2, "change_message": "[{\"changed\": {\"fields\": [\"pulso_actividad\", \"pulso_puntos\"]}}]"}}, {"model": "admin.logentry", "pk": 173, "fields": {"action_time": "2019-06-17T02:03:30.381Z", "user": 1, "content_type": 21, "object_id": "1", "object_repr": "mario -- DEPT-1234 - 201920: 1", "action_flag": 2, "change_message": "[{\"changed\": {\"fields\": [\"nombre\"]}}]"}}, {"model": "admin.logentry", "pk": 174, "fields": {"action_time": "2019-06-17T02:03:44.308Z", "user": 1, "content_type": 21, "object_id": "9", "object_repr": "est1 -- DEPT-1234 - 201920: 1", "action_flag": 2, "change_message": "[{\"changed\": {\"fields\": [\"nombre\"]}}]"}}, {"model": "admin.logentry", "pk": 175, "fields": {"action_time": "2019-06-17T02:05:20.880Z", "user": 1, "content_type": 9, "object_id": "12", "object_repr": "Mario: Contar apariciones en lista - 2: NU 0.0", "action_flag": 3, "change_message": ""}}, {"model": "admin.logentry", "pk": 176, "fields": {"action_time": "2019-06-17T02:05:37.510Z", "user": 1, "content_type": 22, "object_id": "3", "object_repr": "Contar apariciones en lista - Mario - 2019-06-07 16:51:28+00:00", "action_flag": 2, "change_message": "[{\"changed\": {\"fields\": [\"ultimo_envio\"]}}]"}}, {"model": "admin.logentry", "pk": 177, "fields": {"action_time": "2019-06-17T06:35:14.007Z", "user": 1, "content_type": 21, "object_id": "1", "object_repr": "wey -- DEPT-1234 - 201920: 1", "action_flag": 2, "change_message": "[{\"changed\": {\"fields\": [\"login\", \"nombre\"]}}]"}}, {"model": "admin.logentry", "pk": 178, "fields": {"action_time": "2019-06-17T06:35:20.024Z", "user": 1, "content_type": 21, "object_id": "1", "object_repr": "wey -- DEPT-1234 - 201920: 1", "action_flag": 2, "change_message": "[]"}}, {"model": "admin.logentry", "pk": 179, "fields": {"action_time": "2019-06-17T06:59:25.000Z", "user": 1, "content_type": 22, "object_id": "7", "object_repr": "Contar apariciones en lista - Juan Segundo - None", "action_flag": 3, "change_message": ""}}]